cell,perm,strut,x1,y1,z1,x2,y2,z2,share
5449,1,0,0.0,0.0,0.0,0.5,0.0,0.0,0.25
5449,1,1,0.0,1.0,0.0,0.5,1.0,0.0,0.25
5449,1,2,0.0,0.0,1.0,0.5,0.0,1.0,0.25
5449,1,3,0.0,1.0,1.0,0.5,1.0,1.0,0.25
5449,1,4,1.0,0.0,0.0,0.5,0.0,0.0,0.25
5449,1,5,1.0,1.0,0.0,0.5,1.0,0.0,0.25
5449,1,6,1.0,0.0,1.0,0.5,0.0,1.0,0.25
5449,1,7,1.0,1.0,1.0,0.5,1.0,1.0,0.25
5449,1,8,0.0,0.0,0.0,0.0,0.0,0.5,0.25
5449,1,9,0.0,1.0,0.0,0.0,1.0,0.5,0.25
5449,1,10,0.0,0.0,1.0,0.0,0.0,0.5,0.25
5449,1,11,0.0,1.0,1.0,0.0,1.0,0.5,0.25
5449,1,12,1.0,0.0,0.0,1.0,0.0,0.5,0.25
5449,1,13,1.0,1.0,0.0,1.0,1.0,0.5,0.25
5449,1,14,1.0,0.0,1.0,1.0,0.0,0.5,0.25
5449,1,15,1.0,1.0,1.0,1.0,1.0,0.5,0.25
5449,1,16,0.0,0.0,0.0,0.0,0.5,0.0,0.25
5449,1,17,0.0,1.0,0.0,0.0,0.5,0.0,0.25
5449,1,18,0.0,0.0,1.0,0.0,0.5,1.0,0.25
5449,1,19,0.0,1.0,1.0,0.0,0.5,1.0,0.25
5449,1,20,1.0,0.0,0.0,1.0,0.5,0.0,0.25
5449,1,21,1.0,1.0,0.0,1.0,0.5,0.0,0.25
5449,1,22,1.0,0.0,1.0,1.0,0.5,1.0,0.25
5449,1,23,1.0,1.0,1.0,1.0,0.5,1.0,0.25
5449,1,24,0.5,0.0,0.0,0.0,0.0,0.5,0.5
5449,1,25,0.5,1.0,0.0,0.0,1.0,0.5,0.5
5449,1,26,0.5,0.0,1.0,0.0,0.0,0.5,0.5
5449,1,27,0.5,1.0,1.0,0.0,1.0,0.5,0.5
5449,1,28,0.5,0.0,0.0,1.0,0.0,0.5,0.5
5449,1,29,0.5,1.0,0.0,1.0,1.0,0.5,0.5
5449,1,30,0.5,0.0,1.0,1.0,0.0,0.5,0.5
5449,1,31,0.5,1.0,1.0,1.0,1.0,0.5,0.5
5449,1,32,0.5,0.0,0.0,0.0,0.5,0.0,0.5
5449,1,33,0.5,1.0,0.0,0.0,0.5,0.0,0.5
5449,1,34,0.5,0.0,1.0,0.0,0.5,1.0,0.5
5449,1,35,0.5,1.0,1.0,0.0,0.5,1.0,0.5
5449,1,36,0.5,0.0,0.0,1.0,0.5,0.0,0.5
5449,1,37,0.5,1.0,0.0,1.0,0.5,0.0,0.5
5449,1,38,0.5,0.0,1.0,1.0,0.5,1.0,0.5
5449,1,39,0.5,1.0,1.0,1.0,0.5,1.0,0.5
5449,1,40,0.0,0.0,0.5,0.5,0.0,0.5,0.5
5449,1,41,0.0,1.0,0.5,0.5,1.0,0.5,0.5
5449,1,42,1.0,0.0,0.5,0.5,0.0,0.5,0.5
5449,1,43,1.0,1.0,0.5,0.5,1.0,0.5,0.5
5449,1,44,0.0,0.5,0.0,0.5,0.5,0.0,0.5
5449,1,45,0.0,0.5,1.0,0.5,0.5,1.0,0.5
5449,1,46,1.0,0.5,0.0,0.5,0.5,0.0,0.5
5449,1,47,1.0,0.5,1.0,0.5,0.5,1.0,0.5
