id,x,y,z
0,0.00000,0.00000,0.00000
1,2.50000,0.00000,0.00000
2,0.00000,5.00000,0.00000
3,2.50000,5.00000,0.00000
4,0.00000,0.00000,5.00000
5,2.50000,0.00000,5.00000
6,0.00000,5.00000,5.00000
7,2.50000,5.00000,5.00000
8,5.00000,0.00000,0.00000
9,5.00000,5.00000,0.00000
10,5.00000,0.00000,5.00000
11,5.00000,5.00000,5.00000
12,0.00000,0.00000,2.50000
13,0.00000,5.00000,2.50000
14,5.00000,0.00000,2.50000
15,5.00000,5.00000,2.50000
16,0.00000,2.50000,0.00000
17,0.00000,2.50000,5.00000
18,5.00000,2.50000,0.00000
19,5.00000,2.50000,5.00000
20,2.50000,0.00000,2.50000
21,2.50000,5.00000,2.50000
22,2.50000,2.50000,0.00000
23,2.50000,2.50000,5.00000
24,0.00000,0.00000,10.00000
25,2.50000,0.00000,10.00000
26,0.00000,5.00000,10.00000
27,2.50000,5.00000,10.00000
28,5.00000,0.00000,10.00000
29,5.00000,5.00000,10.00000
30,0.00000,0.00000,7.50000
31,0.00000,5.00000,7.50000
32,5.00000,0.00000,7.50000
33,5.00000,5.00000,7.50000
34,0.00000,2.50000,10.00000
35,5.00000,2.50000,10.00000
36,2.50000,0.00000,7.50000
37,2.50000,5.00000,7.50000
38,2.50000,2.50000,10.00000
39,0.00000,0.00000,15.00000
40,2.50000,0.00000,15.00000
41,0.00000,5.00000,15.00000
42,2.50000,5.00000,15.00000
43,5.00000,0.00000,15.00000
44,5.00000,5.00000,15.00000
45,0.00000,0.00000,12.50000
46,0.00000,5.00000,12.50000
47,5.00000,0.00000,12.50000
48,5.00000,5.00000,12.50000
49,0.00000,2.50000,15.00000
50,5.00000,2.50000,15.00000
51,2.50000,0.00000,12.50000
52,2.50000,5.00000,12.50000
53,2.50000,2.50000,15.00000
54,0.00000,0.00000,20.00000
55,2.50000,0.00000,20.00000
56,0.00000,5.00000,20.00000
57,2.50000,5.00000,20.00000
58,5.00000,0.00000,20.00000
59,5.00000,5.00000,20.00000
60,0.00000,0.00000,17.50000
61,0.00000,5.00000,17.50000
62,5.00000,0.00000,17.50000
63,5.00000,5.00000,17.50000
64,0.00000,2.50000,20.00000
65,5.00000,2.50000,20.00000
66,2.50000,0.00000,17.50000
67,2.50000,5.00000,17.50000
68,2.50000,2.50000,20.00000
69,0.00000,0.00000,25.00000
70,2.50000,0.00000,25.00000
71,0.00000,5.00000,25.00000
72,2.50000,5.00000,25.00000
73,5.00000,0.00000,25.00000
74,5.00000,5.00000,25.00000
75,0.00000,0.00000,22.50000
76,0.00000,5.00000,22.50000
77,5.00000,0.00000,22.50000
78,5.00000,5.00000,22.50000
79,0.00000,2.50000,25.00000
80,5.00000,2.50000,25.00000
81,2.50000,0.00000,22.50000
82,2.50000,5.00000,22.50000
83,2.50000,2.50000,25.00000
84,0.00000,10.00000,0.00000
85,2.50000,10.00000,0.00000
86,0.00000,10.00000,5.00000
87,2.50000,10.00000,5.00000
88,5.00000,10.00000,0.00000
89,5.00000,10.00000,5.00000
90,0.00000,10.00000,2.50000
91,5.00000,10.00000,2.50000
92,0.00000,7.50000,0.00000
93,0.00000,7.50000,5.00000
94,5.00000,7.50000,0.00000
95,5.00000,7.50000,5.00000
96,2.50000,10.00000,2.50000
97,2.50000,7.50000,0.00000
98,2.50000,7.50000,5.00000
99,0.00000,10.00000,10.00000
100,2.50000,10.00000,10.00000
101,5.00000,10.00000,10.00000
102,0.00000,10.00000,7.50000
103,5.00000,10.00000,7.50000
104,0.00000,7.50000,10.00000
105,5.00000,7.50000,10.00000
106,2.50000,10.00000,7.50000
107,2.50000,7.50000,10.00000
108,0.00000,10.00000,15.00000
109,2.50000,10.00000,15.00000
110,5.00000,10.00000,15.00000
111,0.00000,10.00000,12.50000
112,5.00000,10.00000,12.50000
113,0.00000,7.50000,15.00000
114,5.00000,7.50000,15.00000
115,2.50000,10.00000,12.50000
116,2.50000,7.50000,15.00000
117,0.00000,10.00000,20.00000
118,2.50000,10.00000,20.00000
119,5.00000,10.00000,20.00000
120,0.00000,10.00000,17.50000
121,5.00000,10.00000,17.50000
122,0.00000,7.50000,20.00000
123,5.00000,7.50000,20.00000
124,2.50000,10.00000,17.50000
125,2.50000,7.50000,20.00000
126,0.00000,10.00000,25.00000
127,2.50000,10.00000,25.00000
128,5.00000,10.00000,25.00000
129,0.00000,10.00000,22.50000
130,5.00000,10.00000,22.50000
131,0.00000,7.50000,25.00000
132,5.00000,7.50000,25.00000
133,2.50000,10.00000,22.50000
134,2.50000,7.50000,25.00000
135,0.00000,15.00000,0.00000
136,2.50000,15.00000,0.00000
137,0.00000,15.00000,5.00000
138,2.50000,15.00000,5.00000
139,5.00000,15.00000,0.00000
140,5.00000,15.00000,5.00000
141,0.00000,15.00000,2.50000
142,5.00000,15.00000,2.50000
143,0.00000,12.50000,0.00000
144,0.00000,12.50000,5.00000
145,5.00000,12.50000,0.00000
146,5.00000,12.50000,5.00000
147,2.50000,15.00000,2.50000
148,2.50000,12.50000,0.00000
149,2.50000,12.50000,5.00000
150,0.00000,15.00000,10.00000
151,2.50000,15.00000,10.00000
152,5.00000,15.00000,10.00000
153,0.00000,15.00000,7.50000
154,5.00000,15.00000,7.50000
155,0.00000,12.50000,10.00000
156,5.00000,12.50000,10.00000
157,2.50000,15.00000,7.50000
158,2.50000,12.50000,10.00000
159,0.00000,15.00000,15.00000
160,2.50000,15.00000,15.00000
161,5.00000,15.00000,15.00000
162,0.00000,15.00000,12.50000
163,5.00000,15.00000,12.50000
164,0.00000,12.50000,15.00000
165,5.00000,12.50000,15.00000
166,2.50000,15.00000,12.50000
167,2.50000,12.50000,15.00000
168,0.00000,15.00000,20.00000
169,2.50000,15.00000,20.00000
170,5.00000,15.00000,20.00000
171,0.00000,15.00000,17.50000
172,5.00000,15.00000,17.50000
173,0.00000,12.50000,20.00000
174,5.00000,12.50000,20.00000
175,2.50000,15.00000,17.50000
176,2.50000,12.50000,20.00000
177,0.00000,15.00000,25.00000
178,2.50000,15.00000,25.00000
179,5.00000,15.00000,25.00000
180,0.00000,15.00000,22.50000
181,5.00000,15.00000,22.50000
182,0.00000,12.50000,25.00000
183,5.00000,12.50000,25.00000
184,2.50000,15.00000,22.50000
185,2.50000,12.50000,25.00000
186,0.00000,20.00000,0.00000
187,2.50000,20.00000,0.00000
188,0.00000,20.00000,5.00000
189,2.50000,20.00000,5.00000
190,5.00000,20.00000,0.00000
191,5.00000,20.00000,5.00000
192,0.00000,20.00000,2.50000
193,5.00000,20.00000,2.50000
194,0.00000,17.50000,0.00000
195,0.00000,17.50000,5.00000
196,5.00000,17.50000,0.00000
197,5.00000,17.50000,5.00000
198,2.50000,20.00000,2.50000
199,2.50000,17.50000,0.00000
200,2.50000,17.50000,5.00000
201,0.00000,20.00000,10.00000
202,2.50000,20.00000,10.00000
203,5.00000,20.00000,10.00000
204,0.00000,20.00000,7.50000
205,5.00000,20.00000,7.50000
206,0.00000,17.50000,10.00000
207,5.00000,17.50000,10.00000
208,2.50000,20.00000,7.50000
209,2.50000,17.50000,10.00000
210,0.00000,20.00000,15.00000
211,2.50000,20.00000,15.00000
212,5.00000,20.00000,15.00000
213,0.00000,20.00000,12.50000
214,5.00000,20.00000,12.50000
215,0.00000,17.50000,15.00000
216,5.00000,17.50000,15.00000
217,2.50000,20.00000,12.50000
218,2.50000,17.50000,15.00000
219,0.00000,20.00000,20.00000
220,2.50000,20.00000,20.00000
221,5.00000,20.00000,20.00000
222,0.00000,20.00000,17.50000
223,5.00000,20.00000,17.50000
224,0.00000,17.50000,20.00000
225,5.00000,17.50000,20.00000
226,2.50000,20.00000,17.50000
227,2.50000,17.50000,20.00000
228,0.00000,20.00000,25.00000
229,2.50000,20.00000,25.00000
230,5.00000,20.00000,25.00000
231,0.00000,20.00000,22.50000
232,5.00000,20.00000,22.50000
233,0.00000,17.50000,25.00000
234,5.00000,17.50000,25.00000
235,2.50000,20.00000,22.50000
236,2.50000,17.50000,25.00000
237,0.00000,25.00000,0.00000
238,2.50000,25.00000,0.00000
239,0.00000,25.00000,5.00000
240,2.50000,25.00000,5.00000
241,5.00000,25.00000,0.00000
242,5.00000,25.00000,5.00000
243,0.00000,25.00000,2.50000
244,5.00000,25.00000,2.50000
245,0.00000,22.50000,0.00000
246,0.00000,22.50000,5.00000
247,5.00000,22.50000,0.00000
248,5.00000,22.50000,5.00000
249,2.50000,25.00000,2.50000
250,2.50000,22.50000,0.00000
251,2.50000,22.50000,5.00000
252,0.00000,25.00000,10.00000
253,2.50000,25.00000,10.00000
254,5.00000,25.00000,10.00000
255,0.00000,25.00000,7.50000
256,5.00000,25.00000,7.50000
257,0.00000,22.50000,10.00000
258,5.00000,22.50000,10.00000
259,2.50000,25.00000,7.50000
260,2.50000,22.50000,10.00000
261,0.00000,25.00000,15.00000
262,2.50000,25.00000,15.00000
263,5.00000,25.00000,15.00000
264,0.00000,25.00000,12.50000
265,5.00000,25.00000,12.50000
266,0.00000,22.50000,15.00000
267,5.00000,22.50000,15.00000
268,2.50000,25.00000,12.50000
269,2.50000,22.50000,15.00000
270,0.00000,25.00000,20.00000
271,2.50000,25.00000,20.00000
272,5.00000,25.00000,20.00000
273,0.00000,25.00000,17.50000
274,5.00000,25.00000,17.50000
275,0.00000,22.50000,20.00000
276,5.00000,22.50000,20.00000
277,2.50000,25.00000,17.50000
278,2.50000,22.50000,20.00000
279,0.00000,25.00000,25.00000
280,2.50000,25.00000,25.00000
281,5.00000,25.00000,25.00000
282,0.00000,25.00000,22.50000
283,5.00000,25.00000,22.50000
284,0.00000,22.50000,25.00000
285,5.00000,22.50000,25.00000
286,2.50000,25.00000,22.50000
287,2.50000,22.50000,25.00000
288,7.50000,0.00000,0.00000
289,7.50000,5.00000,0.00000
290,7.50000,0.00000,5.00000
291,7.50000,5.00000,5.00000
292,10.00000,0.00000,0.00000
293,10.00000,5.00000,0.00000
294,10.00000,0.00000,5.00000
295,10.00000,5.00000,5.00000
296,10.00000,0.00000,2.50000
297,10.00000,5.00000,2.50000
298,10.00000,2.50000,0.00000
299,10.00000,2.50000,5.00000
300,7.50000,0.00000,2.50000
301,7.50000,5.00000,2.50000
302,7.50000,2.50000,0.00000
303,7.50000,2.50000,5.00000
304,7.50000,0.00000,10.00000
305,7.50000,5.00000,10.00000
306,10.00000,0.00000,10.00000
307,10.00000,5.00000,10.00000
308,10.00000,0.00000,7.50000
309,10.00000,5.00000,7.50000
310,10.00000,2.50000,10.00000
311,7.50000,0.00000,7.50000
312,7.50000,5.00000,7.50000
313,7.50000,2.50000,10.00000
314,7.50000,0.00000,15.00000
315,7.50000,5.00000,15.00000
316,10.00000,0.00000,15.00000
317,10.00000,5.00000,15.00000
318,10.00000,0.00000,12.50000
319,10.00000,5.00000,12.50000
320,10.00000,2.50000,15.00000
321,7.50000,0.00000,12.50000
322,7.50000,5.00000,12.50000
323,7.50000,2.50000,15.00000
324,7.50000,0.00000,20.00000
325,7.50000,5.00000,20.00000
326,10.00000,0.00000,20.00000
327,10.00000,5.00000,20.00000
328,10.00000,0.00000,17.50000
329,10.00000,5.00000,17.50000
330,10.00000,2.50000,20.00000
331,7.50000,0.00000,17.50000
332,7.50000,5.00000,17.50000
333,7.50000,2.50000,20.00000
334,7.50000,0.00000,25.00000
335,7.50000,5.00000,25.00000
336,10.00000,0.00000,25.00000
337,10.00000,5.00000,25.00000
338,10.00000,0.00000,22.50000
339,10.00000,5.00000,22.50000
340,10.00000,2.50000,25.00000
341,7.50000,0.00000,22.50000
342,7.50000,5.00000,22.50000
343,7.50000,2.50000,25.00000
344,7.50000,10.00000,0.00000
345,7.50000,10.00000,5.00000
346,10.00000,10.00000,0.00000
347,10.00000,10.00000,5.00000
348,10.00000,10.00000,2.50000
349,10.00000,7.50000,0.00000
350,10.00000,7.50000,5.00000
351,7.50000,10.00000,2.50000
352,7.50000,7.50000,0.00000
353,7.50000,7.50000,5.00000
354,7.50000,10.00000,10.00000
355,10.00000,10.00000,10.00000
356,10.00000,10.00000,7.50000
357,10.00000,7.50000,10.00000
358,7.50000,10.00000,7.50000
359,7.50000,7.50000,10.00000
360,7.50000,10.00000,15.00000
361,10.00000,10.00000,15.00000
362,10.00000,10.00000,12.50000
363,10.00000,7.50000,15.00000
364,7.50000,10.00000,12.50000
365,7.50000,7.50000,15.00000
366,7.50000,10.00000,20.00000
367,10.00000,10.00000,20.00000
368,10.00000,10.00000,17.50000
369,10.00000,7.50000,20.00000
370,7.50000,10.00000,17.50000
371,7.50000,7.50000,20.00000
372,7.50000,10.00000,25.00000
373,10.00000,10.00000,25.00000
374,10.00000,10.00000,22.50000
375,10.00000,7.50000,25.00000
376,7.50000,10.00000,22.50000
377,7.50000,7.50000,25.00000
378,7.50000,15.00000,0.00000
379,7.50000,15.00000,5.00000
380,10.00000,15.00000,0.00000
381,10.00000,15.00000,5.00000
382,10.00000,15.00000,2.50000
383,10.00000,12.50000,0.00000
384,10.00000,12.50000,5.00000
385,7.50000,15.00000,2.50000
386,7.50000,12.50000,0.00000
387,7.50000,12.50000,5.00000
388,7.50000,15.00000,10.00000
389,10.00000,15.00000,10.00000
390,10.00000,15.00000,7.50000
391,10.00000,12.50000,10.00000
392,7.50000,15.00000,7.50000
393,7.50000,12.50000,10.00000
394,7.50000,15.00000,15.00000
395,10.00000,15.00000,15.00000
396,10.00000,15.00000,12.50000
397,10.00000,12.50000,15.00000
398,7.50000,15.00000,12.50000
399,7.50000,12.50000,15.00000
400,7.50000,15.00000,20.00000
401,10.00000,15.00000,20.00000
402,10.00000,15.00000,17.50000
403,10.00000,12.50000,20.00000
404,7.50000,15.00000,17.50000
405,7.50000,12.50000,20.00000
406,7.50000,15.00000,25.00000
407,10.00000,15.00000,25.00000
408,10.00000,15.00000,22.50000
409,10.00000,12.50000,25.00000
410,7.50000,15.00000,22.50000
411,7.50000,12.50000,25.00000
412,7.50000,20.00000,0.00000
413,7.50000,20.00000,5.00000
414,10.00000,20.00000,0.00000
415,10.00000,20.00000,5.00000
416,10.00000,20.00000,2.50000
417,10.00000,17.50000,0.00000
418,10.00000,17.50000,5.00000
419,7.50000,20.00000,2.50000
420,7.50000,17.50000,0.00000
421,7.50000,17.50000,5.00000
422,7.50000,20.00000,10.00000
423,10.00000,20.00000,10.00000
424,10.00000,20.00000,7.50000
425,10.00000,17.50000,10.00000
426,7.50000,20.00000,7.50000
427,7.50000,17.50000,10.00000
428,7.50000,20.00000,15.00000
429,10.00000,20.00000,15.00000
430,10.00000,20.00000,12.50000
431,10.00000,17.50000,15.00000
432,7.50000,20.00000,12.50000
433,7.50000,17.50000,15.00000
434,7.50000,20.00000,20.00000
435,10.00000,20.00000,20.00000
436,10.00000,20.00000,17.50000
437,10.00000,17.50000,20.00000
438,7.50000,20.00000,17.50000
439,7.50000,17.50000,20.00000
440,7.50000,20.00000,25.00000
441,10.00000,20.00000,25.00000
442,10.00000,20.00000,22.50000
443,10.00000,17.50000,25.00000
444,7.50000,20.00000,22.50000
445,7.50000,17.50000,25.00000
446,7.50000,25.00000,0.00000
447,7.50000,25.00000,5.00000
448,10.00000,25.00000,0.00000
449,10.00000,25.00000,5.00000
450,10.00000,25.00000,2.50000
451,10.00000,22.50000,0.00000
452,10.00000,22.50000,5.00000
453,7.50000,25.00000,2.50000
454,7.50000,22.50000,0.00000
455,7.50000,22.50000,5.00000
456,7.50000,25.00000,10.00000
457,10.00000,25.00000,10.00000
458,10.00000,25.00000,7.50000
459,10.00000,22.50000,10.00000
460,7.50000,25.00000,7.50000
461,7.50000,22.50000,10.00000
462,7.50000,25.00000,15.00000
463,10.00000,25.00000,15.00000
464,10.00000,25.00000,12.50000
465,10.00000,22.50000,15.00000
466,7.50000,25.00000,12.50000
467,7.50000,22.50000,15.00000
468,7.50000,25.00000,20.00000
469,10.00000,25.00000,20.00000
470,10.00000,25.00000,17.50000
471,10.00000,22.50000,20.00000
472,7.50000,25.00000,17.50000
473,7.50000,22.50000,20.00000
474,7.50000,25.00000,25.00000
475,10.00000,25.00000,25.00000
476,10.00000,25.00000,22.50000
477,10.00000,22.50000,25.00000
478,7.50000,25.00000,22.50000
479,7.50000,22.50000,25.00000
480,12.50000,0.00000,0.00000
481,12.50000,5.00000,0.00000
482,12.50000,0.00000,5.00000
483,12.50000,5.00000,5.00000
484,15.00000,0.00000,0.00000
485,15.00000,5.00000,0.00000
486,15.00000,0.00000,5.00000
487,15.00000,5.00000,5.00000
488,15.00000,0.00000,2.50000
489,15.00000,5.00000,2.50000
490,15.00000,2.50000,0.00000
491,15.00000,2.50000,5.00000
492,12.50000,0.00000,2.50000
493,12.50000,5.00000,2.50000
494,12.50000,2.50000,0.00000
495,12.50000,2.50000,5.00000
496,12.50000,0.00000,10.00000
497,12.50000,5.00000,10.00000
498,15.00000,0.00000,10.00000
499,15.00000,5.00000,10.00000
500,15.00000,0.00000,7.50000
501,15.00000,5.00000,7.50000
502,15.00000,2.50000,10.00000
503,12.50000,0.00000,7.50000
504,12.50000,5.00000,7.50000
505,12.50000,2.50000,10.00000
506,12.50000,0.00000,15.00000
507,12.50000,5.00000,15.00000
508,15.00000,0.00000,15.00000
509,15.00000,5.00000,15.00000
510,15.00000,0.00000,12.50000
511,15.00000,5.00000,12.50000
512,15.00000,2.50000,15.00000
513,12.50000,0.00000,12.50000
514,12.50000,5.00000,12.50000
515,12.50000,2.50000,15.00000
516,12.50000,0.00000,20.00000
517,12.50000,5.00000,20.00000
518,15.00000,0.00000,20.00000
519,15.00000,5.00000,20.00000
520,15.00000,0.00000,17.50000
521,15.00000,5.00000,17.50000
522,15.00000,2.50000,20.00000
523,12.50000,0.00000,17.50000
524,12.50000,5.00000,17.50000
525,12.50000,2.50000,20.00000
526,12.50000,0.00000,25.00000
527,12.50000,5.00000,25.00000
528,15.00000,0.00000,25.00000
529,15.00000,5.00000,25.00000
530,15.00000,0.00000,22.50000
531,15.00000,5.00000,22.50000
532,15.00000,2.50000,25.00000
533,12.50000,0.00000,22.50000
534,12.50000,5.00000,22.50000
535,12.50000,2.50000,25.00000
536,12.50000,10.00000,0.00000
537,12.50000,10.00000,5.00000
538,15.00000,10.00000,0.00000
539,15.00000,10.00000,5.00000
540,15.00000,10.00000,2.50000
541,15.00000,7.50000,0.00000
542,15.00000,7.50000,5.00000
543,12.50000,10.00000,2.50000
544,12.50000,7.50000,0.00000
545,12.50000,7.50000,5.00000
546,12.50000,10.00000,10.00000
547,15.00000,10.00000,10.00000
548,15.00000,10.00000,7.50000
549,15.00000,7.50000,10.00000
550,12.50000,10.00000,7.50000
551,12.50000,7.50000,10.00000
552,12.50000,10.00000,15.00000
553,15.00000,10.00000,15.00000
554,15.00000,10.00000,12.50000
555,15.00000,7.50000,15.00000
556,12.50000,10.00000,12.50000
557,12.50000,7.50000,15.00000
558,12.50000,10.00000,20.00000
559,15.00000,10.00000,20.00000
560,15.00000,10.00000,17.50000
561,15.00000,7.50000,20.00000
562,12.50000,10.00000,17.50000
563,12.50000,7.50000,20.00000
564,12.50000,10.00000,25.00000
565,15.00000,10.00000,25.00000
566,15.00000,10.00000,22.50000
567,15.00000,7.50000,25.00000
568,12.50000,10.00000,22.50000
569,12.50000,7.50000,25.00000
570,12.50000,15.00000,0.00000
571,12.50000,15.00000,5.00000
572,15.00000,15.00000,0.00000
573,15.00000,15.00000,5.00000
574,15.00000,15.00000,2.50000
575,15.00000,12.50000,0.00000
576,15.00000,12.50000,5.00000
577,12.50000,15.00000,2.50000
578,12.50000,12.50000,0.00000
579,12.50000,12.50000,5.00000
580,12.50000,15.00000,10.00000
581,15.00000,15.00000,10.00000
582,15.00000,15.00000,7.50000
583,15.00000,12.50000,10.00000
584,12.50000,15.00000,7.50000
585,12.50000,12.50000,10.00000
586,12.50000,15.00000,15.00000
587,15.00000,15.00000,15.00000
588,15.00000,15.00000,12.50000
589,15.00000,12.50000,15.00000
590,12.50000,15.00000,12.50000
591,12.50000,12.50000,15.00000
592,12.50000,15.00000,20.00000
593,15.00000,15.00000,20.00000
594,15.00000,15.00000,17.50000
595,15.00000,12.50000,20.00000
596,12.50000,15.00000,17.50000
597,12.50000,12.50000,20.00000
598,12.50000,15.00000,25.00000
599,15.00000,15.00000,25.00000
600,15.00000,15.00000,22.50000
601,15.00000,12.50000,25.00000
602,12.50000,15.00000,22.50000
603,12.50000,12.50000,25.00000
604,12.50000,20.00000,0.00000
605,12.50000,20.00000,5.00000
606,15.00000,20.00000,0.00000
607,15.00000,20.00000,5.00000
608,15.00000,20.00000,2.50000
609,15.00000,17.50000,0.00000
610,15.00000,17.50000,5.00000
611,12.50000,20.00000,2.50000
612,12.50000,17.50000,0.00000
613,12.50000,17.50000,5.00000
614,12.50000,20.00000,10.00000
615,15.00000,20.00000,10.00000
616,15.00000,20.00000,7.50000
617,15.00000,17.50000,10.00000
618,12.50000,20.00000,7.50000
619,12.50000,17.50000,10.00000
620,12.50000,20.00000,15.00000
621,15.00000,20.00000,15.00000
622,15.00000,20.00000,12.50000
623,15.00000,17.50000,15.00000
624,12.50000,20.00000,12.50000
625,12.50000,17.50000,15.00000
626,12.50000,20.00000,20.00000
627,15.00000,20.00000,20.00000
628,15.00000,20.00000,17.50000
629,15.00000,17.50000,20.00000
630,12.50000,20.00000,17.50000
631,12.50000,17.50000,20.00000
632,12.50000,20.00000,25.00000
633,15.00000,20.00000,25.00000
634,15.00000,20.00000,22.50000
635,15.00000,17.50000,25.00000
636,12.50000,20.00000,22.50000
637,12.50000,17.50000,25.00000
638,12.50000,25.00000,0.00000
639,12.50000,25.00000,5.00000
640,15.00000,25.00000,0.00000
641,15.00000,25.00000,5.00000
642,15.00000,25.00000,2.50000
643,15.00000,22.50000,0.00000
644,15.00000,22.50000,5.00000
645,12.50000,25.00000,2.50000
646,12.50000,22.50000,0.00000
647,12.50000,22.50000,5.00000
648,12.50000,25.00000,10.00000
649,15.00000,25.00000,10.00000
650,15.00000,25.00000,7.50000
651,15.00000,22.50000,10.00000
652,12.50000,25.00000,7.50000
653,12.50000,22.50000,10.00000
654,12.50000,25.00000,15.00000
655,15.00000,25.00000,15.00000
656,15.00000,25.00000,12.50000
657,15.00000,22.50000,15.00000
658,12.50000,25.00000,12.50000
659,12.50000,22.50000,15.00000
660,12.50000,25.00000,20.00000
661,15.00000,25.00000,20.00000
662,15.00000,25.00000,17.50000
663,15.00000,22.50000,20.00000
664,12.50000,25.00000,17.50000
665,12.50000,22.50000,20.00000
666,12.50000,25.00000,25.00000
667,15.00000,25.00000,25.00000
668,15.00000,25.00000,22.50000
669,15.00000,22.50000,25.00000
670,12.50000,25.00000,22.50000
671,12.50000,22.50000,25.00000
672,17.50000,0.00000,0.00000
673,17.50000,5.00000,0.00000
674,17.50000,0.00000,5.00000
675,17.50000,5.00000,5.00000
676,20.00000,0.00000,0.00000
677,20.00000,5.00000,0.00000
678,20.00000,0.00000,5.00000
679,20.00000,5.00000,5.00000
680,20.00000,0.00000,2.50000
681,20.00000,5.00000,2.50000
682,20.00000,2.50000,0.00000
683,20.00000,2.50000,5.00000
684,17.50000,0.00000,2.50000
685,17.50000,5.00000,2.50000
686,17.50000,2.50000,0.00000
687,17.50000,2.50000,5.00000
688,17.50000,0.00000,10.00000
689,17.50000,5.00000,10.00000
690,20.00000,0.00000,10.00000
691,20.00000,5.00000,10.00000
692,20.00000,0.00000,7.50000
693,20.00000,5.00000,7.50000
694,20.00000,2.50000,10.00000
695,17.50000,0.00000,7.50000
696,17.50000,5.00000,7.50000
697,17.50000,2.50000,10.00000
698,17.50000,0.00000,15.00000
699,17.50000,5.00000,15.00000
700,20.00000,0.00000,15.00000
701,20.00000,5.00000,15.00000
702,20.00000,0.00000,12.50000
703,20.00000,5.00000,12.50000
704,20.00000,2.50000,15.00000
705,17.50000,0.00000,12.50000
706,17.50000,5.00000,12.50000
707,17.50000,2.50000,15.00000
708,17.50000,0.00000,20.00000
709,17.50000,5.00000,20.00000
710,20.00000,0.00000,20.00000
711,20.00000,5.00000,20.00000
712,20.00000,0.00000,17.50000
713,20.00000,5.00000,17.50000
714,20.00000,2.50000,20.00000
715,17.50000,0.00000,17.50000
716,17.50000,5.00000,17.50000
717,17.50000,2.50000,20.00000
718,17.50000,0.00000,25.00000
719,17.50000,5.00000,25.00000
720,20.00000,0.00000,25.00000
721,20.00000,5.00000,25.00000
722,20.00000,0.00000,22.50000
723,20.00000,5.00000,22.50000
724,20.00000,2.50000,25.00000
725,17.50000,0.00000,22.50000
726,17.50000,5.00000,22.50000
727,17.50000,2.50000,25.00000
728,17.50000,10.00000,0.00000
729,17.50000,10.00000,5.00000
730,20.00000,10.00000,0.00000
731,20.00000,10.00000,5.00000
732,20.00000,10.00000,2.50000
733,20.00000,7.50000,0.00000
734,20.00000,7.50000,5.00000
735,17.50000,10.00000,2.50000
736,17.50000,7.50000,0.00000
737,17.50000,7.50000,5.00000
738,17.50000,10.00000,10.00000
739,20.00000,10.00000,10.00000
740,20.00000,10.00000,7.50000
741,20.00000,7.50000,10.00000
742,17.50000,10.00000,7.50000
743,17.50000,7.50000,10.00000
744,17.50000,10.00000,15.00000
745,20.00000,10.00000,15.00000
746,20.00000,10.00000,12.50000
747,20.00000,7.50000,15.00000
748,17.50000,10.00000,12.50000
749,17.50000,7.50000,15.00000
750,17.50000,10.00000,20.00000
751,20.00000,10.00000,20.00000
752,20.00000,10.00000,17.50000
753,20.00000,7.50000,20.00000
754,17.50000,10.00000,17.50000
755,17.50000,7.50000,20.00000
756,17.50000,10.00000,25.00000
757,20.00000,10.00000,25.00000
758,20.00000,10.00000,22.50000
759,20.00000,7.50000,25.00000
760,17.50000,10.00000,22.50000
761,17.50000,7.50000,25.00000
762,17.50000,15.00000,0.00000
763,17.50000,15.00000,5.00000
764,20.00000,15.00000,0.00000
765,20.00000,15.00000,5.00000
766,20.00000,15.00000,2.50000
767,20.00000,12.50000,0.00000
768,20.00000,12.50000,5.00000
769,17.50000,15.00000,2.50000
770,17.50000,12.50000,0.00000
771,17.50000,12.50000,5.00000
772,17.50000,15.00000,10.00000
773,20.00000,15.00000,10.00000
774,20.00000,15.00000,7.50000
775,20.00000,12.50000,10.00000
776,17.50000,15.00000,7.50000
777,17.50000,12.50000,10.00000
778,17.50000,15.00000,15.00000
779,20.00000,15.00000,15.00000
780,20.00000,15.00000,12.50000
781,20.00000,12.50000,15.00000
782,17.50000,15.00000,12.50000
783,17.50000,12.50000,15.00000
784,17.50000,15.00000,20.00000
785,20.00000,15.00000,20.00000
786,20.00000,15.00000,17.50000
787,20.00000,12.50000,20.00000
788,17.50000,15.00000,17.50000
789,17.50000,12.50000,20.00000
790,17.50000,15.00000,25.00000
791,20.00000,15.00000,25.00000
792,20.00000,15.00000,22.50000
793,20.00000,12.50000,25.00000
794,17.50000,15.00000,22.50000
795,17.50000,12.50000,25.00000
796,17.50000,20.00000,0.00000
797,17.50000,20.00000,5.00000
798,20.00000,20.00000,0.00000
799,20.00000,20.00000,5.00000
800,20.00000,20.00000,2.50000
801,20.00000,17.50000,0.00000
802,20.00000,17.50000,5.00000
803,17.50000,20.00000,2.50000
804,17.50000,17.50000,0.00000
805,17.50000,17.50000,5.00000
806,17.50000,20.00000,10.00000
807,20.00000,20.00000,10.00000
808,20.00000,20.00000,7.50000
809,20.00000,17.50000,10.00000
810,17.50000,20.00000,7.50000
811,17.50000,17.50000,10.00000
812,17.50000,20.00000,15.00000
813,20.00000,20.00000,15.00000
814,20.00000,20.00000,12.50000
815,20.00000,17.50000,15.00000
816,17.50000,20.00000,12.50000
817,17.50000,17.50000,15.00000
818,17.50000,20.00000,20.00000
819,20.00000,20.00000,20.00000
820,20.00000,20.00000,17.50000
821,20.00000,17.50000,20.00000
822,17.50000,20.00000,17.50000
823,17.50000,17.50000,20.00000
824,17.50000,20.00000,25.00000
825,20.00000,20.00000,25.00000
826,20.00000,20.00000,22.50000
827,20.00000,17.50000,25.00000
828,17.50000,20.00000,22.50000
829,17.50000,17.50000,25.00000
830,17.50000,25.00000,0.00000
831,17.50000,25.00000,5.00000
832,20.00000,25.00000,0.00000
833,20.00000,25.00000,5.00000
834,20.00000,25.00000,2.50000
835,20.00000,22.50000,0.00000
836,20.00000,22.50000,5.00000
837,17.50000,25.00000,2.50000
838,17.50000,22.50000,0.00000
839,17.50000,22.50000,5.00000
840,17.50000,25.00000,10.00000
841,20.00000,25.00000,10.00000
842,20.00000,25.00000,7.50000
843,20.00000,22.50000,10.00000
844,17.50000,25.00000,7.50000
845,17.50000,22.50000,10.00000
846,17.50000,25.00000,15.00000
847,20.00000,25.00000,15.00000
848,20.00000,25.00000,12.50000
849,20.00000,22.50000,15.00000
850,17.50000,25.00000,12.50000
851,17.50000,22.50000,15.00000
852,17.50000,25.00000,20.00000
853,20.00000,25.00000,20.00000
854,20.00000,25.00000,17.50000
855,20.00000,22.50000,20.00000
856,17.50000,25.00000,17.50000
857,17.50000,22.50000,20.00000
858,17.50000,25.00000,25.00000
859,20.00000,25.00000,25.00000
860,20.00000,25.00000,22.50000
861,20.00000,22.50000,25.00000
862,17.50000,25.00000,22.50000
863,17.50000,22.50000,25.00000
864,22.50000,0.00000,0.00000
865,22.50000,5.00000,0.00000
866,22.50000,0.00000,5.00000
867,22.50000,5.00000,5.00000
868,25.00000,0.00000,0.00000
869,25.00000,5.00000,0.00000
870,25.00000,0.00000,5.00000
871,25.00000,5.00000,5.00000
872,25.00000,0.00000,2.50000
873,25.00000,5.00000,2.50000
874,25.00000,2.50000,0.00000
875,25.00000,2.50000,5.00000
876,22.50000,0.00000,2.50000
877,22.50000,5.00000,2.50000
878,22.50000,2.50000,0.00000
879,22.50000,2.50000,5.00000
880,22.50000,0.00000,10.00000
881,22.50000,5.00000,10.00000
882,25.00000,0.00000,10.00000
883,25.00000,5.00000,10.00000
884,25.00000,0.00000,7.50000
885,25.00000,5.00000,7.50000
886,25.00000,2.50000,10.00000
887,22.50000,0.00000,7.50000
888,22.50000,5.00000,7.50000
889,22.50000,2.50000,10.00000
890,22.50000,0.00000,15.00000
891,22.50000,5.00000,15.00000
892,25.00000,0.00000,15.00000
893,25.00000,5.00000,15.00000
894,25.00000,0.00000,12.50000
895,25.00000,5.00000,12.50000
896,25.00000,2.50000,15.00000
897,22.50000,0.00000,12.50000
898,22.50000,5.00000,12.50000
899,22.50000,2.50000,15.00000
900,22.50000,0.00000,20.00000
901,22.50000,5.00000,20.00000
902,25.00000,0.00000,20.00000
903,25.00000,5.00000,20.00000
904,25.00000,0.00000,17.50000
905,25.00000,5.00000,17.50000
906,25.00000,2.50000,20.00000
907,22.50000,0.00000,17.50000
908,22.50000,5.00000,17.50000
909,22.50000,2.50000,20.00000
910,22.50000,0.00000,25.00000
911,22.50000,5.00000,25.00000
912,25.00000,0.00000,25.00000
913,25.00000,5.00000,25.00000
914,25.00000,0.00000,22.50000
915,25.00000,5.00000,22.50000
916,25.00000,2.50000,25.00000
917,22.50000,0.00000,22.50000
918,22.50000,5.00000,22.50000
919,22.50000,2.50000,25.00000
920,22.50000,10.00000,0.00000
921,22.50000,10.00000,5.00000
922,25.00000,10.00000,0.00000
923,25.00000,10.00000,5.00000
924,25.00000,10.00000,2.50000
925,25.00000,7.50000,0.00000
926,25.00000,7.50000,5.00000
927,22.50000,10.00000,2.50000
928,22.50000,7.50000,0.00000
929,22.50000,7.50000,5.00000
930,22.50000,10.00000,10.00000
931,25.00000,10.00000,10.00000
932,25.00000,10.00000,7.50000
933,25.00000,7.50000,10.00000
934,22.50000,10.00000,7.50000
935,22.50000,7.50000,10.00000
936,22.50000,10.00000,15.00000
937,25.00000,10.00000,15.00000
938,25.00000,10.00000,12.50000
939,25.00000,7.50000,15.00000
940,22.50000,10.00000,12.50000
941,22.50000,7.50000,15.00000
942,22.50000,10.00000,20.00000
943,25.00000,10.00000,20.00000
944,25.00000,10.00000,17.50000
945,25.00000,7.50000,20.00000
946,22.50000,10.00000,17.50000
947,22.50000,7.50000,20.00000
948,22.50000,10.00000,25.00000
949,25.00000,10.00000,25.00000
950,25.00000,10.00000,22.50000
951,25.00000,7.50000,25.00000
952,22.50000,10.00000,22.50000
953,22.50000,7.50000,25.00000
954,22.50000,15.00000,0.00000
955,22.50000,15.00000,5.00000
956,25.00000,15.00000,0.00000
957,25.00000,15.00000,5.00000
958,25.00000,15.00000,2.50000
959,25.00000,12.50000,0.00000
960,25.00000,12.50000,5.00000
961,22.50000,15.00000,2.50000
962,22.50000,12.50000,0.00000
963,22.50000,12.50000,5.00000
964,22.50000,15.00000,10.00000
965,25.00000,15.00000,10.00000
966,25.00000,15.00000,7.50000
967,25.00000,12.50000,10.00000
968,22.50000,15.00000,7.50000
969,22.50000,12.50000,10.00000
970,22.50000,15.00000,15.00000
971,25.00000,15.00000,15.00000
972,25.00000,15.00000,12.50000
973,25.00000,12.50000,15.00000
974,22.50000,15.00000,12.50000
975,22.50000,12.50000,15.00000
976,22.50000,15.00000,20.00000
977,25.00000,15.00000,20.00000
978,25.00000,15.00000,17.50000
979,25.00000,12.50000,20.00000
980,22.50000,15.00000,17.50000
981,22.50000,12.50000,20.00000
982,22.50000,15.00000,25.00000
983,25.00000,15.00000,25.00000
984,25.00000,15.00000,22.50000
985,25.00000,12.50000,25.00000
986,22.50000,15.00000,22.50000
987,22.50000,12.50000,25.00000
988,22.50000,20.00000,0.00000
989,22.50000,20.00000,5.00000
990,25.00000,20.00000,0.00000
991,25.00000,20.00000,5.00000
992,25.00000,20.00000,2.50000
993,25.00000,17.50000,0.00000
994,25.00000,17.50000,5.00000
995,22.50000,20.00000,2.50000
996,22.50000,17.50000,0.00000
997,22.50000,17.50000,5.00000
998,22.50000,20.00000,10.00000
999,25.00000,20.00000,10.00000
1000,25.00000,20.00000,7.50000
1001,25.00000,17.50000,10.00000
1002,22.50000,20.00000,7.50000
1003,22.50000,17.50000,10.00000
1004,22.50000,20.00000,15.00000
1005,25.00000,20.00000,15.00000
1006,25.00000,20.00000,12.50000
1007,25.00000,17.50000,15.00000
1008,22.50000,20.00000,12.50000
1009,22.50000,17.50000,15.00000
1010,22.50000,20.00000,20.00000
1011,25.00000,20.00000,20.00000
1012,25.00000,20.00000,17.50000
1013,25.00000,17.50000,20.00000
1014,22.50000,20.00000,17.50000
1015,22.50000,17.50000,20.00000
1016,22.50000,20.00000,25.00000
1017,25.00000,20.00000,25.00000
1018,25.00000,20.00000,22.50000
1019,25.00000,17.50000,25.00000
1020,22.50000,20.00000,22.50000
1021,22.50000,17.50000,25.00000
1022,22.50000,25.00000,0.00000
1023,22.50000,25.00000,5.00000
1024,25.00000,25.00000,0.00000
1025,25.00000,25.00000,5.00000
1026,25.00000,25.00000,2.50000
1027,25.00000,22.50000,0.00000
1028,25.00000,22.50000,5.00000
1029,22.50000,25.00000,2.50000
1030,22.50000,22.50000,0.00000
1031,22.50000,22.50000,5.00000
1032,22.50000,25.00000,10.00000
1033,25.00000,25.00000,10.00000
1034,25.00000,25.00000,7.50000
1035,25.00000,22.50000,10.00000
1036,22.50000,25.00000,7.50000
1037,22.50000,22.50000,10.00000
1038,22.50000,25.00000,15.00000
1039,25.00000,25.00000,15.00000
1040,25.00000,25.00000,12.50000
1041,25.00000,22.50000,15.00000
1042,22.50000,25.00000,12.50000
1043,22.50000,22.50000,15.00000
1044,22.50000,25.00000,20.00000
1045,25.00000,25.00000,20.00000
1046,25.00000,25.00000,17.50000
1047,25.00000,22.50000,20.00000
1048,22.50000,25.00000,17.50000
1049,22.50000,22.50000,20.00000
1050,22.50000,25.00000,25.00000
1051,25.00000,25.00000,25.00000
1052,25.00000,25.00000,22.50000
1053,25.00000,22.50000,25.00000
1054,22.50000,25.00000,22.50000
1055,22.50000,22.50000,25.00000
1056,27.50000,0.00000,0.00000
1057,27.50000,5.00000,0.00000
1058,27.50000,0.00000,5.00000
1059,27.50000,5.00000,5.00000
1060,30.00000,0.00000,0.00000
1061,30.00000,5.00000,0.00000
1062,30.00000,0.00000,5.00000
1063,30.00000,5.00000,5.00000
1064,30.00000,0.00000,2.50000
1065,30.00000,5.00000,2.50000
1066,30.00000,2.50000,0.00000
1067,30.00000,2.50000,5.00000
1068,27.50000,0.00000,2.50000
1069,27.50000,5.00000,2.50000
1070,27.50000,2.50000,0.00000
1071,27.50000,2.50000,5.00000
1072,27.50000,0.00000,10.00000
1073,27.50000,5.00000,10.00000
1074,30.00000,0.00000,10.00000
1075,30.00000,5.00000,10.00000
1076,30.00000,0.00000,7.50000
1077,30.00000,5.00000,7.50000
1078,30.00000,2.50000,10.00000
1079,27.50000,0.00000,7.50000
1080,27.50000,5.00000,7.50000
1081,27.50000,2.50000,10.00000
1082,27.50000,0.00000,15.00000
1083,27.50000,5.00000,15.00000
1084,30.00000,0.00000,15.00000
1085,30.00000,5.00000,15.00000
1086,30.00000,0.00000,12.50000
1087,30.00000,5.00000,12.50000
1088,30.00000,2.50000,15.00000
1089,27.50000,0.00000,12.50000
1090,27.50000,5.00000,12.50000
1091,27.50000,2.50000,15.00000
1092,27.50000,0.00000,20.00000
1093,27.50000,5.00000,20.00000
1094,30.00000,0.00000,20.00000
1095,30.00000,5.00000,20.00000
1096,30.00000,0.00000,17.50000
1097,30.00000,5.00000,17.50000
1098,30.00000,2.50000,20.00000
1099,27.50000,0.00000,17.50000
1100,27.50000,5.00000,17.50000
1101,27.50000,2.50000,20.00000
1102,27.50000,0.00000,25.00000
1103,27.50000,5.00000,25.00000
1104,30.00000,0.00000,25.00000
1105,30.00000,5.00000,25.00000
1106,30.00000,0.00000,22.50000
1107,30.00000,5.00000,22.50000
1108,30.00000,2.50000,25.00000
1109,27.50000,0.00000,22.50000
1110,27.50000,5.00000,22.50000
1111,27.50000,2.50000,25.00000
1112,27.50000,10.00000,0.00000
1113,27.50000,10.00000,5.00000
1114,30.00000,10.00000,0.00000
1115,30.00000,10.00000,5.00000
1116,30.00000,10.00000,2.50000
1117,30.00000,7.50000,0.00000
1118,30.00000,7.50000,5.00000
1119,27.50000,10.00000,2.50000
1120,27.50000,7.50000,0.00000
1121,27.50000,7.50000,5.00000
1122,27.50000,10.00000,10.00000
1123,30.00000,10.00000,10.00000
1124,30.00000,10.00000,7.50000
1125,30.00000,7.50000,10.00000
1126,27.50000,10.00000,7.50000
1127,27.50000,7.50000,10.00000
1128,27.50000,10.00000,15.00000
1129,30.00000,10.00000,15.00000
1130,30.00000,10.00000,12.50000
1131,30.00000,7.50000,15.00000
1132,27.50000,10.00000,12.50000
1133,27.50000,7.50000,15.00000
1134,27.50000,10.00000,20.00000
1135,30.00000,10.00000,20.00000
1136,30.00000,10.00000,17.50000
1137,30.00000,7.50000,20.00000
1138,27.50000,10.00000,17.50000
1139,27.50000,7.50000,20.00000
1140,27.50000,10.00000,25.00000
1141,30.00000,10.00000,25.00000
1142,30.00000,10.00000,22.50000
1143,30.00000,7.50000,25.00000
1144,27.50000,10.00000,22.50000
1145,27.50000,7.50000,25.00000
1146,27.50000,15.00000,0.00000
1147,27.50000,15.00000,5.00000
1148,30.00000,15.00000,0.00000
1149,30.00000,15.00000,5.00000
1150,30.00000,15.00000,2.50000
1151,30.00000,12.50000,0.00000
1152,30.00000,12.50000,5.00000
1153,27.50000,15.00000,2.50000
1154,27.50000,12.50000,0.00000
1155,27.50000,12.50000,5.00000
1156,27.50000,15.00000,10.00000
1157,30.00000,15.00000,10.00000
1158,30.00000,15.00000,7.50000
1159,30.00000,12.50000,10.00000
1160,27.50000,15.00000,7.50000
1161,27.50000,12.50000,10.00000
1162,27.50000,15.00000,15.00000
1163,30.00000,15.00000,15.00000
1164,30.00000,15.00000,12.50000
1165,30.00000,12.50000,15.00000
1166,27.50000,15.00000,12.50000
1167,27.50000,12.50000,15.00000
1168,27.50000,15.00000,20.00000
1169,30.00000,15.00000,20.00000
1170,30.00000,15.00000,17.50000
1171,30.00000,12.50000,20.00000
1172,27.50000,15.00000,17.50000
1173,27.50000,12.50000,20.00000
1174,27.50000,15.00000,25.00000
1175,30.00000,15.00000,25.00000
1176,30.00000,15.00000,22.50000
1177,30.00000,12.50000,25.00000
1178,27.50000,15.00000,22.50000
1179,27.50000,12.50000,25.00000
1180,27.50000,20.00000,0.00000
1181,27.50000,20.00000,5.00000
1182,30.00000,20.00000,0.00000
1183,30.00000,20.00000,5.00000
1184,30.00000,20.00000,2.50000
1185,30.00000,17.50000,0.00000
1186,30.00000,17.50000,5.00000
1187,27.50000,20.00000,2.50000
1188,27.50000,17.50000,0.00000
1189,27.50000,17.50000,5.00000
1190,27.50000,20.00000,10.00000
1191,30.00000,20.00000,10.00000
1192,30.00000,20.00000,7.50000
1193,30.00000,17.50000,10.00000
1194,27.50000,20.00000,7.50000
1195,27.50000,17.50000,10.00000
1196,27.50000,20.00000,15.00000
1197,30.00000,20.00000,15.00000
1198,30.00000,20.00000,12.50000
1199,30.00000,17.50000,15.00000
1200,27.50000,20.00000,12.50000
1201,27.50000,17.50000,15.00000
1202,27.50000,20.00000,20.00000
1203,30.00000,20.00000,20.00000
1204,30.00000,20.00000,17.50000
1205,30.00000,17.50000,20.00000
1206,27.50000,20.00000,17.50000
1207,27.50000,17.50000,20.00000
1208,27.50000,20.00000,25.00000
1209,30.00000,20.00000,25.00000
1210,30.00000,20.00000,22.50000
1211,30.00000,17.50000,25.00000
1212,27.50000,20.00000,22.50000
1213,27.50000,17.50000,25.00000
1214,27.50000,25.00000,0.00000
1215,27.50000,25.00000,5.00000
1216,30.00000,25.00000,0.00000
1217,30.00000,25.00000,5.00000
1218,30.00000,25.00000,2.50000
1219,30.00000,22.50000,0.00000
1220,30.00000,22.50000,5.00000
1221,27.50000,25.00000,2.50000
1222,27.50000,22.50000,0.00000
1223,27.50000,22.50000,5.00000
1224,27.50000,25.00000,10.00000
1225,30.00000,25.00000,10.00000
1226,30.00000,25.00000,7.50000
1227,30.00000,22.50000,10.00000
1228,27.50000,25.00000,7.50000
1229,27.50000,22.50000,10.00000
1230,27.50000,25.00000,15.00000
1231,30.00000,25.00000,15.00000
1232,30.00000,25.00000,12.50000
1233,30.00000,22.50000,15.00000
1234,27.50000,25.00000,12.50000
1235,27.50000,22.50000,15.00000
1236,27.50000,25.00000,20.00000
1237,30.00000,25.00000,20.00000
1238,30.00000,25.00000,17.50000
1239,30.00000,22.50000,20.00000
1240,27.50000,25.00000,17.50000
1241,27.50000,22.50000,20.00000
1242,27.50000,25.00000,25.00000
1243,30.00000,25.00000,25.00000
1244,30.00000,25.00000,22.50000
1245,30.00000,22.50000,25.00000
1246,27.50000,25.00000,22.50000
1247,27.50000,22.50000,25.00000
1248,32.50000,0.00000,0.00000
1249,32.50000,5.00000,0.00000
1250,32.50000,0.00000,5.00000
1251,32.50000,5.00000,5.00000
1252,35.00000,0.00000,0.00000
1253,35.00000,5.00000,0.00000
1254,35.00000,0.00000,5.00000
1255,35.00000,5.00000,5.00000
1256,35.00000,0.00000,2.50000
1257,35.00000,5.00000,2.50000
1258,35.00000,2.50000,0.00000
1259,35.00000,2.50000,5.00000
1260,32.50000,0.00000,2.50000
1261,32.50000,5.00000,2.50000
1262,32.50000,2.50000,0.00000
1263,32.50000,2.50000,5.00000
1264,32.50000,0.00000,10.00000
1265,32.50000,5.00000,10.00000
1266,35.00000,0.00000,10.00000
1267,35.00000,5.00000,10.00000
1268,35.00000,0.00000,7.50000
1269,35.00000,5.00000,7.50000
1270,35.00000,2.50000,10.00000
1271,32.50000,0.00000,7.50000
1272,32.50000,5.00000,7.50000
1273,32.50000,2.50000,10.00000
1274,32.50000,0.00000,15.00000
1275,32.50000,5.00000,15.00000
1276,35.00000,0.00000,15.00000
1277,35.00000,5.00000,15.00000
1278,35.00000,0.00000,12.50000
1279,35.00000,5.00000,12.50000
1280,35.00000,2.50000,15.00000
1281,32.50000,0.00000,12.50000
1282,32.50000,5.00000,12.50000
1283,32.50000,2.50000,15.00000
1284,32.50000,0.00000,20.00000
1285,32.50000,5.00000,20.00000
1286,35.00000,0.00000,20.00000
1287,35.00000,5.00000,20.00000
1288,35.00000,0.00000,17.50000
1289,35.00000,5.00000,17.50000
1290,35.00000,2.50000,20.00000
1291,32.50000,0.00000,17.50000
1292,32.50000,5.00000,17.50000
1293,32.50000,2.50000,20.00000
1294,32.50000,0.00000,25.00000
1295,32.50000,5.00000,25.00000
1296,35.00000,0.00000,25.00000
1297,35.00000,5.00000,25.00000
1298,35.00000,0.00000,22.50000
1299,35.00000,5.00000,22.50000
1300,35.00000,2.50000,25.00000
1301,32.50000,0.00000,22.50000
1302,32.50000,5.00000,22.50000
1303,32.50000,2.50000,25.00000
1304,32.50000,10.00000,0.00000
1305,32.50000,10.00000,5.00000
1306,35.00000,10.00000,0.00000
1307,35.00000,10.00000,5.00000
1308,35.00000,10.00000,2.50000
1309,35.00000,7.50000,0.00000
1310,35.00000,7.50000,5.00000
1311,32.50000,10.00000,2.50000
1312,32.50000,7.50000,0.00000
1313,32.50000,7.50000,5.00000
1314,32.50000,10.00000,10.00000
1315,35.00000,10.00000,10.00000
1316,35.00000,10.00000,7.50000
1317,35.00000,7.50000,10.00000
1318,32.50000,10.00000,7.50000
1319,32.50000,7.50000,10.00000
1320,32.50000,10.00000,15.00000
1321,35.00000,10.00000,15.00000
1322,35.00000,10.00000,12.50000
1323,35.00000,7.50000,15.00000
1324,32.50000,10.00000,12.50000
1325,32.50000,7.50000,15.00000
1326,32.50000,10.00000,20.00000
1327,35.00000,10.00000,20.00000
1328,35.00000,10.00000,17.50000
1329,35.00000,7.50000,20.00000
1330,32.50000,10.00000,17.50000
1331,32.50000,7.50000,20.00000
1332,32.50000,10.00000,25.00000
1333,35.00000,10.00000,25.00000
1334,35.00000,10.00000,22.50000
1335,35.00000,7.50000,25.00000
1336,32.50000,10.00000,22.50000
1337,32.50000,7.50000,25.00000
1338,32.50000,15.00000,0.00000
1339,32.50000,15.00000,5.00000
1340,35.00000,15.00000,0.00000
1341,35.00000,15.00000,5.00000
1342,35.00000,15.00000,2.50000
1343,35.00000,12.50000,0.00000
1344,35.00000,12.50000,5.00000
1345,32.50000,15.00000,2.50000
1346,32.50000,12.50000,0.00000
1347,32.50000,12.50000,5.00000
1348,32.50000,15.00000,10.00000
1349,35.00000,15.00000,10.00000
1350,35.00000,15.00000,7.50000
1351,35.00000,12.50000,10.00000
1352,32.50000,15.00000,7.50000
1353,32.50000,12.50000,10.00000
1354,32.50000,15.00000,15.00000
1355,35.00000,15.00000,15.00000
1356,35.00000,15.00000,12.50000
1357,35.00000,12.50000,15.00000
1358,32.50000,15.00000,12.50000
1359,32.50000,12.50000,15.00000
1360,32.50000,15.00000,20.00000
1361,35.00000,15.00000,20.00000
1362,35.00000,15.00000,17.50000
1363,35.00000,12.50000,20.00000
1364,32.50000,15.00000,17.50000
1365,32.50000,12.50000,20.00000
1366,32.50000,15.00000,25.00000
1367,35.00000,15.00000,25.00000
1368,35.00000,15.00000,22.50000
1369,35.00000,12.50000,25.00000
1370,32.50000,15.00000,22.50000
1371,32.50000,12.50000,25.00000
1372,32.50000,20.00000,0.00000
1373,32.50000,20.00000,5.00000
1374,35.00000,20.00000,0.00000
1375,35.00000,20.00000,5.00000
1376,35.00000,20.00000,2.50000
1377,35.00000,17.50000,0.00000
1378,35.00000,17.50000,5.00000
1379,32.50000,20.00000,2.50000
1380,32.50000,17.50000,0.00000
1381,32.50000,17.50000,5.00000
1382,32.50000,20.00000,10.00000
1383,35.00000,20.00000,10.00000
1384,35.00000,20.00000,7.50000
1385,35.00000,17.50000,10.00000
1386,32.50000,20.00000,7.50000
1387,32.50000,17.50000,10.00000
1388,32.50000,20.00000,15.00000
1389,35.00000,20.00000,15.00000
1390,35.00000,20.00000,12.50000
1391,35.00000,17.50000,15.00000
1392,32.50000,20.00000,12.50000
1393,32.50000,17.50000,15.00000
1394,32.50000,20.00000,20.00000
1395,35.00000,20.00000,20.00000
1396,35.00000,20.00000,17.50000
1397,35.00000,17.50000,20.00000
1398,32.50000,20.00000,17.50000
1399,32.50000,17.50000,20.00000
1400,32.50000,20.00000,25.00000
1401,35.00000,20.00000,25.00000
1402,35.00000,20.00000,22.50000
1403,35.00000,17.50000,25.00000
1404,32.50000,20.00000,22.50000
1405,32.50000,17.50000,25.00000
1406,32.50000,25.00000,0.00000
1407,32.50000,25.00000,5.00000
1408,35.00000,25.00000,0.00000
1409,35.00000,25.00000,5.00000
1410,35.00000,25.00000,2.50000
1411,35.00000,22.50000,0.00000
1412,35.00000,22.50000,5.00000
1413,32.50000,25.00000,2.50000
1414,32.50000,22.50000,0.00000
1415,32.50000,22.50000,5.00000
1416,32.50000,25.00000,10.00000
1417,35.00000,25.00000,10.00000
1418,35.00000,25.00000,7.50000
1419,35.00000,22.50000,10.00000
1420,32.50000,25.00000,7.50000
1421,32.50000,22.50000,10.00000
1422,32.50000,25.00000,15.00000
1423,35.00000,25.00000,15.00000
1424,35.00000,25.00000,12.50000
1425,35.00000,22.50000,15.00000
1426,32.50000,25.00000,12.50000
1427,32.50000,22.50000,15.00000
1428,32.50000,25.00000,20.00000
1429,35.00000,25.00000,20.00000
1430,35.00000,25.00000,17.50000
1431,35.00000,22.50000,20.00000
1432,32.50000,25.00000,17.50000
1433,32.50000,22.50000,20.00000
1434,32.50000,25.00000,25.00000
1435,35.00000,25.00000,25.00000
1436,35.00000,25.00000,22.50000
1437,35.00000,22.50000,25.00000
1438,32.50000,25.00000,22.50000
1439,32.50000,22.50000,25.00000
1440,37.50000,0.00000,0.00000
1441,37.50000,5.00000,0.00000
1442,37.50000,0.00000,5.00000
1443,37.50000,5.00000,5.00000
1444,40.00000,0.00000,0.00000
1445,40.00000,5.00000,0.00000
1446,40.00000,0.00000,5.00000
1447,40.00000,5.00000,5.00000
1448,40.00000,0.00000,2.50000
1449,40.00000,5.00000,2.50000
1450,40.00000,2.50000,0.00000
1451,40.00000,2.50000,5.00000
1452,37.50000,0.00000,2.50000
1453,37.50000,5.00000,2.50000
1454,37.50000,2.50000,0.00000
1455,37.50000,2.50000,5.00000
1456,37.50000,0.00000,10.00000
1457,37.50000,5.00000,10.00000
1458,40.00000,0.00000,10.00000
1459,40.00000,5.00000,10.00000
1460,40.00000,0.00000,7.50000
1461,40.00000,5.00000,7.50000
1462,40.00000,2.50000,10.00000
1463,37.50000,0.00000,7.50000
1464,37.50000,5.00000,7.50000
1465,37.50000,2.50000,10.00000
1466,37.50000,0.00000,15.00000
1467,37.50000,5.00000,15.00000
1468,40.00000,0.00000,15.00000
1469,40.00000,5.00000,15.00000
1470,40.00000,0.00000,12.50000
1471,40.00000,5.00000,12.50000
1472,40.00000,2.50000,15.00000
1473,37.50000,0.00000,12.50000
1474,37.50000,5.00000,12.50000
1475,37.50000,2.50000,15.00000
1476,37.50000,0.00000,20.00000
1477,37.50000,5.00000,20.00000
1478,40.00000,0.00000,20.00000
1479,40.00000,5.00000,20.00000
1480,40.00000,0.00000,17.50000
1481,40.00000,5.00000,17.50000
1482,40.00000,2.50000,20.00000
1483,37.50000,0.00000,17.50000
1484,37.50000,5.00000,17.50000
1485,37.50000,2.50000,20.00000
1486,37.50000,0.00000,25.00000
1487,37.50000,5.00000,25.00000
1488,40.00000,0.00000,25.00000
1489,40.00000,5.00000,25.00000
1490,40.00000,0.00000,22.50000
1491,40.00000,5.00000,22.50000
1492,40.00000,2.50000,25.00000
1493,37.50000,0.00000,22.50000
1494,37.50000,5.00000,22.50000
1495,37.50000,2.50000,25.00000
1496,37.50000,10.00000,0.00000
1497,37.50000,10.00000,5.00000
1498,40.00000,10.00000,0.00000
1499,40.00000,10.00000,5.00000
1500,40.00000,10.00000,2.50000
1501,40.00000,7.50000,0.00000
1502,40.00000,7.50000,5.00000
1503,37.50000,10.00000,2.50000
1504,37.50000,7.50000,0.00000
1505,37.50000,7.50000,5.00000
1506,37.50000,10.00000,10.00000
1507,40.00000,10.00000,10.00000
1508,40.00000,10.00000,7.50000
1509,40.00000,7.50000,10.00000
1510,37.50000,10.00000,7.50000
1511,37.50000,7.50000,10.00000
1512,37.50000,10.00000,15.00000
1513,40.00000,10.00000,15.00000
1514,40.00000,10.00000,12.50000
1515,40.00000,7.50000,15.00000
1516,37.50000,10.00000,12.50000
1517,37.50000,7.50000,15.00000
1518,37.50000,10.00000,20.00000
1519,40.00000,10.00000,20.00000
1520,40.00000,10.00000,17.50000
1521,40.00000,7.50000,20.00000
1522,37.50000,10.00000,17.50000
1523,37.50000,7.50000,20.00000
1524,37.50000,10.00000,25.00000
1525,40.00000,10.00000,25.00000
1526,40.00000,10.00000,22.50000
1527,40.00000,7.50000,25.00000
1528,37.50000,10.00000,22.50000
1529,37.50000,7.50000,25.00000
1530,37.50000,15.00000,0.00000
1531,37.50000,15.00000,5.00000
1532,40.00000,15.00000,0.00000
1533,40.00000,15.00000,5.00000
1534,40.00000,15.00000,2.50000
1535,40.00000,12.50000,0.00000
1536,40.00000,12.50000,5.00000
1537,37.50000,15.00000,2.50000
1538,37.50000,12.50000,0.00000
1539,37.50000,12.50000,5.00000
1540,37.50000,15.00000,10.00000
1541,40.00000,15.00000,10.00000
1542,40.00000,15.00000,7.50000
1543,40.00000,12.50000,10.00000
1544,37.50000,15.00000,7.50000
1545,37.50000,12.50000,10.00000
1546,37.50000,15.00000,15.00000
1547,40.00000,15.00000,15.00000
1548,40.00000,15.00000,12.50000
1549,40.00000,12.50000,15.00000
1550,37.50000,15.00000,12.50000
1551,37.50000,12.50000,15.00000
1552,37.50000,15.00000,20.00000
1553,40.00000,15.00000,20.00000
1554,40.00000,15.00000,17.50000
1555,40.00000,12.50000,20.00000
1556,37.50000,15.00000,17.50000
1557,37.50000,12.50000,20.00000
1558,37.50000,15.00000,25.00000
1559,40.00000,15.00000,25.00000
1560,40.00000,15.00000,22.50000
1561,40.00000,12.50000,25.00000
1562,37.50000,15.00000,22.50000
1563,37.50000,12.50000,25.00000
1564,37.50000,20.00000,0.00000
1565,37.50000,20.00000,5.00000
1566,40.00000,20.00000,0.00000
1567,40.00000,20.00000,5.00000
1568,40.00000,20.00000,2.50000
1569,40.00000,17.50000,0.00000
1570,40.00000,17.50000,5.00000
1571,37.50000,20.00000,2.50000
1572,37.50000,17.50000,0.00000
1573,37.50000,17.50000,5.00000
1574,37.50000,20.00000,10.00000
1575,40.00000,20.00000,10.00000
1576,40.00000,20.00000,7.50000
1577,40.00000,17.50000,10.00000
1578,37.50000,20.00000,7.50000
1579,37.50000,17.50000,10.00000
1580,37.50000,20.00000,15.00000
1581,40.00000,20.00000,15.00000
1582,40.00000,20.00000,12.50000
1583,40.00000,17.50000,15.00000
1584,37.50000,20.00000,12.50000
1585,37.50000,17.50000,15.00000
1586,37.50000,20.00000,20.00000
1587,40.00000,20.00000,20.00000
1588,40.00000,20.00000,17.50000
1589,40.00000,17.50000,20.00000
1590,37.50000,20.00000,17.50000
1591,37.50000,17.50000,20.00000
1592,37.50000,20.00000,25.00000
1593,40.00000,20.00000,25.00000
1594,40.00000,20.00000,22.50000
1595,40.00000,17.50000,25.00000
1596,37.50000,20.00000,22.50000
1597,37.50000,17.50000,25.00000
1598,37.50000,25.00000,0.00000
1599,37.50000,25.00000,5.00000
1600,40.00000,25.00000,0.00000
1601,40.00000,25.00000,5.00000
1602,40.00000,25.00000,2.50000
1603,40.00000,22.50000,0.00000
1604,40.00000,22.50000,5.00000
1605,37.50000,25.00000,2.50000
1606,37.50000,22.50000,0.00000
1607,37.50000,22.50000,5.00000
1608,37.50000,25.00000,10.00000
1609,40.00000,25.00000,10.00000
1610,40.00000,25.00000,7.50000
1611,40.00000,22.50000,10.00000
1612,37.50000,25.00000,7.50000
1613,37.50000,22.50000,10.00000
1614,37.50000,25.00000,15.00000
1615,40.00000,25.00000,15.00000
1616,40.00000,25.00000,12.50000
1617,40.00000,22.50000,15.00000
1618,37.50000,25.00000,12.50000
1619,37.50000,22.50000,15.00000
1620,37.50000,25.00000,20.00000
1621,40.00000,25.00000,20.00000
1622,40.00000,25.00000,17.50000
1623,40.00000,22.50000,20.00000
1624,37.50000,25.00000,17.50000
1625,37.50000,22.50000,20.00000
1626,37.50000,25.00000,25.00000
1627,40.00000,25.00000,25.00000
1628,40.00000,25.00000,22.50000
1629,40.00000,22.50000,25.00000
1630,37.50000,25.00000,22.50000
1631,37.50000,22.50000,25.00000
1632,42.50000,0.00000,0.00000
1633,42.50000,5.00000,0.00000
1634,42.50000,0.00000,5.00000
1635,42.50000,5.00000,5.00000
1636,45.00000,0.00000,0.00000
1637,45.00000,5.00000,0.00000
1638,45.00000,0.00000,5.00000
1639,45.00000,5.00000,5.00000
1640,45.00000,0.00000,2.50000
1641,45.00000,5.00000,2.50000
1642,45.00000,2.50000,0.00000
1643,45.00000,2.50000,5.00000
1644,42.50000,0.00000,2.50000
1645,42.50000,5.00000,2.50000
1646,42.50000,2.50000,0.00000
1647,42.50000,2.50000,5.00000
1648,42.50000,0.00000,10.00000
1649,42.50000,5.00000,10.00000
1650,45.00000,0.00000,10.00000
1651,45.00000,5.00000,10.00000
1652,45.00000,0.00000,7.50000
1653,45.00000,5.00000,7.50000
1654,45.00000,2.50000,10.00000
1655,42.50000,0.00000,7.50000
1656,42.50000,5.00000,7.50000
1657,42.50000,2.50000,10.00000
1658,42.50000,0.00000,15.00000
1659,42.50000,5.00000,15.00000
1660,45.00000,0.00000,15.00000
1661,45.00000,5.00000,15.00000
1662,45.00000,0.00000,12.50000
1663,45.00000,5.00000,12.50000
1664,45.00000,2.50000,15.00000
1665,42.50000,0.00000,12.50000
1666,42.50000,5.00000,12.50000
1667,42.50000,2.50000,15.00000
1668,42.50000,0.00000,20.00000
1669,42.50000,5.00000,20.00000
1670,45.00000,0.00000,20.00000
1671,45.00000,5.00000,20.00000
1672,45.00000,0.00000,17.50000
1673,45.00000,5.00000,17.50000
1674,45.00000,2.50000,20.00000
1675,42.50000,0.00000,17.50000
1676,42.50000,5.00000,17.50000
1677,42.50000,2.50000,20.00000
1678,42.50000,0.00000,25.00000
1679,42.50000,5.00000,25.00000
1680,45.00000,0.00000,25.00000
1681,45.00000,5.00000,25.00000
1682,45.00000,0.00000,22.50000
1683,45.00000,5.00000,22.50000
1684,45.00000,2.50000,25.00000
1685,42.50000,0.00000,22.50000
1686,42.50000,5.00000,22.50000
1687,42.50000,2.50000,25.00000
1688,42.50000,10.00000,0.00000
1689,42.50000,10.00000,5.00000
1690,45.00000,10.00000,0.00000
1691,45.00000,10.00000,5.00000
1692,45.00000,10.00000,2.50000
1693,45.00000,7.50000,0.00000
1694,45.00000,7.50000,5.00000
1695,42.50000,10.00000,2.50000
1696,42.50000,7.50000,0.00000
1697,42.50000,7.50000,5.00000
1698,42.50000,10.00000,10.00000
1699,45.00000,10.00000,10.00000
1700,45.00000,10.00000,7.50000
1701,45.00000,7.50000,10.00000
1702,42.50000,10.00000,7.50000
1703,42.50000,7.50000,10.00000
1704,42.50000,10.00000,15.00000
1705,45.00000,10.00000,15.00000
1706,45.00000,10.00000,12.50000
1707,45.00000,7.50000,15.00000
1708,42.50000,10.00000,12.50000
1709,42.50000,7.50000,15.00000
1710,42.50000,10.00000,20.00000
1711,45.00000,10.00000,20.00000
1712,45.00000,10.00000,17.50000
1713,45.00000,7.50000,20.00000
1714,42.50000,10.00000,17.50000
1715,42.50000,7.50000,20.00000
1716,42.50000,10.00000,25.00000
1717,45.00000,10.00000,25.00000
1718,45.00000,10.00000,22.50000
1719,45.00000,7.50000,25.00000
1720,42.50000,10.00000,22.50000
1721,42.50000,7.50000,25.00000
1722,42.50000,15.00000,0.00000
1723,42.50000,15.00000,5.00000
1724,45.00000,15.00000,0.00000
1725,45.00000,15.00000,5.00000
1726,45.00000,15.00000,2.50000
1727,45.00000,12.50000,0.00000
1728,45.00000,12.50000,5.00000
1729,42.50000,15.00000,2.50000
1730,42.50000,12.50000,0.00000
1731,42.50000,12.50000,5.00000
1732,42.50000,15.00000,10.00000
1733,45.00000,15.00000,10.00000
1734,45.00000,15.00000,7.50000
1735,45.00000,12.50000,10.00000
1736,42.50000,15.00000,7.50000
1737,42.50000,12.50000,10.00000
1738,42.50000,15.00000,15.00000
1739,45.00000,15.00000,15.00000
1740,45.00000,15.00000,12.50000
1741,45.00000,12.50000,15.00000
1742,42.50000,15.00000,12.50000
1743,42.50000,12.50000,15.00000
1744,42.50000,15.00000,20.00000
1745,45.00000,15.00000,20.00000
1746,45.00000,15.00000,17.50000
1747,45.00000,12.50000,20.00000
1748,42.50000,15.00000,17.50000
1749,42.50000,12.50000,20.00000
1750,42.50000,15.00000,25.00000
1751,45.00000,15.00000,25.00000
1752,45.00000,15.00000,22.50000
1753,45.00000,12.50000,25.00000
1754,42.50000,15.00000,22.50000
1755,42.50000,12.50000,25.00000
1756,42.50000,20.00000,0.00000
1757,42.50000,20.00000,5.00000
1758,45.00000,20.00000,0.00000
1759,45.00000,20.00000,5.00000
1760,45.00000,20.00000,2.50000
1761,45.00000,17.50000,0.00000
1762,45.00000,17.50000,5.00000
1763,42.50000,20.00000,2.50000
1764,42.50000,17.50000,0.00000
1765,42.50000,17.50000,5.00000
1766,42.50000,20.00000,10.00000
1767,45.00000,20.00000,10.00000
1768,45.00000,20.00000,7.50000
1769,45.00000,17.50000,10.00000
1770,42.50000,20.00000,7.50000
1771,42.50000,17.50000,10.00000
1772,42.50000,20.00000,15.00000
1773,45.00000,20.00000,15.00000
1774,45.00000,20.00000,12.50000
1775,45.00000,17.50000,15.00000
1776,42.50000,20.00000,12.50000
1777,42.50000,17.50000,15.00000
1778,42.50000,20.00000,20.00000
1779,45.00000,20.00000,20.00000
1780,45.00000,20.00000,17.50000
1781,45.00000,17.50000,20.00000
1782,42.50000,20.00000,17.50000
1783,42.50000,17.50000,20.00000
1784,42.50000,20.00000,25.00000
1785,45.00000,20.00000,25.00000
1786,45.00000,20.00000,22.50000
1787,45.00000,17.50000,25.00000
1788,42.50000,20.00000,22.50000
1789,42.50000,17.50000,25.00000
1790,42.50000,25.00000,0.00000
1791,42.50000,25.00000,5.00000
1792,45.00000,25.00000,0.00000
1793,45.00000,25.00000,5.00000
1794,45.00000,25.00000,2.50000
1795,45.00000,22.50000,0.00000
1796,45.00000,22.50000,5.00000
1797,42.50000,25.00000,2.50000
1798,42.50000,22.50000,0.00000
1799,42.50000,22.50000,5.00000
1800,42.50000,25.00000,10.00000
1801,45.00000,25.00000,10.00000
1802,45.00000,25.00000,7.50000
1803,45.00000,22.50000,10.00000
1804,42.50000,25.00000,7.50000
1805,42.50000,22.50000,10.00000
1806,42.50000,25.00000,15.00000
1807,45.00000,25.00000,15.00000
1808,45.00000,25.00000,12.50000
1809,45.00000,22.50000,15.00000
1810,42.50000,25.00000,12.50000
1811,42.50000,22.50000,15.00000
1812,42.50000,25.00000,20.00000
1813,45.00000,25.00000,20.00000
1814,45.00000,25.00000,17.50000
1815,45.00000,22.50000,20.00000
1816,42.50000,25.00000,17.50000
1817,42.50000,22.50000,20.00000
1818,42.50000,25.00000,25.00000
1819,45.00000,25.00000,25.00000
1820,45.00000,25.00000,22.50000
1821,45.00000,22.50000,25.00000
1822,42.50000,25.00000,22.50000
1823,42.50000,22.50000,25.00000
1824,47.50000,0.00000,0.00000
1825,47.50000,5.00000,0.00000
1826,47.50000,0.00000,5.00000
1827,47.50000,5.00000,5.00000
1828,50.00000,0.00000,0.00000
1829,50.00000,5.00000,0.00000
1830,50.00000,0.00000,5.00000
1831,50.00000,5.00000,5.00000
1832,50.00000,0.00000,2.50000
1833,50.00000,5.00000,2.50000
1834,50.00000,2.50000,0.00000
1835,50.00000,2.50000,5.00000
1836,47.50000,0.00000,2.50000
1837,47.50000,5.00000,2.50000
1838,47.50000,2.50000,0.00000
1839,47.50000,2.50000,5.00000
1840,47.50000,0.00000,10.00000
1841,47.50000,5.00000,10.00000
1842,50.00000,0.00000,10.00000
1843,50.00000,5.00000,10.00000
1844,50.00000,0.00000,7.50000
1845,50.00000,5.00000,7.50000
1846,50.00000,2.50000,10.00000
1847,47.50000,0.00000,7.50000
1848,47.50000,5.00000,7.50000
1849,47.50000,2.50000,10.00000
1850,47.50000,0.00000,15.00000
1851,47.50000,5.00000,15.00000
1852,50.00000,0.00000,15.00000
1853,50.00000,5.00000,15.00000
1854,50.00000,0.00000,12.50000
1855,50.00000,5.00000,12.50000
1856,50.00000,2.50000,15.00000
1857,47.50000,0.00000,12.50000
1858,47.50000,5.00000,12.50000
1859,47.50000,2.50000,15.00000
1860,47.50000,0.00000,20.00000
1861,47.50000,5.00000,20.00000
1862,50.00000,0.00000,20.00000
1863,50.00000,5.00000,20.00000
1864,50.00000,0.00000,17.50000
1865,50.00000,5.00000,17.50000
1866,50.00000,2.50000,20.00000
1867,47.50000,0.00000,17.50000
1868,47.50000,5.00000,17.50000
1869,47.50000,2.50000,20.00000
1870,47.50000,0.00000,25.00000
1871,47.50000,5.00000,25.00000
1872,50.00000,0.00000,25.00000
1873,50.00000,5.00000,25.00000
1874,50.00000,0.00000,22.50000
1875,50.00000,5.00000,22.50000
1876,50.00000,2.50000,25.00000
1877,47.50000,0.00000,22.50000
1878,47.50000,5.00000,22.50000
1879,47.50000,2.50000,25.00000
1880,47.50000,10.00000,0.00000
1881,47.50000,10.00000,5.00000
1882,50.00000,10.00000,0.00000
1883,50.00000,10.00000,5.00000
1884,50.00000,10.00000,2.50000
1885,50.00000,7.50000,0.00000
1886,50.00000,7.50000,5.00000
1887,47.50000,10.00000,2.50000
1888,47.50000,7.50000,0.00000
1889,47.50000,7.50000,5.00000
1890,47.50000,10.00000,10.00000
1891,50.00000,10.00000,10.00000
1892,50.00000,10.00000,7.50000
1893,50.00000,7.50000,10.00000
1894,47.50000,10.00000,7.50000
1895,47.50000,7.50000,10.00000
1896,47.50000,10.00000,15.00000
1897,50.00000,10.00000,15.00000
1898,50.00000,10.00000,12.50000
1899,50.00000,7.50000,15.00000
1900,47.50000,10.00000,12.50000
1901,47.50000,7.50000,15.00000
1902,47.50000,10.00000,20.00000
1903,50.00000,10.00000,20.00000
1904,50.00000,10.00000,17.50000
1905,50.00000,7.50000,20.00000
1906,47.50000,10.00000,17.50000
1907,47.50000,7.50000,20.00000
1908,47.50000,10.00000,25.00000
1909,50.00000,10.00000,25.00000
1910,50.00000,10.00000,22.50000
1911,50.00000,7.50000,25.00000
1912,47.50000,10.00000,22.50000
1913,47.50000,7.50000,25.00000
1914,47.50000,15.00000,0.00000
1915,47.50000,15.00000,5.00000
1916,50.00000,15.00000,0.00000
1917,50.00000,15.00000,5.00000
1918,50.00000,15.00000,2.50000
1919,50.00000,12.50000,0.00000
1920,50.00000,12.50000,5.00000
1921,47.50000,15.00000,2.50000
1922,47.50000,12.50000,0.00000
1923,47.50000,12.50000,5.00000
1924,47.50000,15.00000,10.00000
1925,50.00000,15.00000,10.00000
1926,50.00000,15.00000,7.50000
1927,50.00000,12.50000,10.00000
1928,47.50000,15.00000,7.50000
1929,47.50000,12.50000,10.00000
1930,47.50000,15.00000,15.00000
1931,50.00000,15.00000,15.00000
1932,50.00000,15.00000,12.50000
1933,50.00000,12.50000,15.00000
1934,47.50000,15.00000,12.50000
1935,47.50000,12.50000,15.00000
1936,47.50000,15.00000,20.00000
1937,50.00000,15.00000,20.00000
1938,50.00000,15.00000,17.50000
1939,50.00000,12.50000,20.00000
1940,47.50000,15.00000,17.50000
1941,47.50000,12.50000,20.00000
1942,47.50000,15.00000,25.00000
1943,50.00000,15.00000,25.00000
1944,50.00000,15.00000,22.50000
1945,50.00000,12.50000,25.00000
1946,47.50000,15.00000,22.50000
1947,47.50000,12.50000,25.00000
1948,47.50000,20.00000,0.00000
1949,47.50000,20.00000,5.00000
1950,50.00000,20.00000,0.00000
1951,50.00000,20.00000,5.00000
1952,50.00000,20.00000,2.50000
1953,50.00000,17.50000,0.00000
1954,50.00000,17.50000,5.00000
1955,47.50000,20.00000,2.50000
1956,47.50000,17.50000,0.00000
1957,47.50000,17.50000,5.00000
1958,47.50000,20.00000,10.00000
1959,50.00000,20.00000,10.00000
1960,50.00000,20.00000,7.50000
1961,50.00000,17.50000,10.00000
1962,47.50000,20.00000,7.50000
1963,47.50000,17.50000,10.00000
1964,47.50000,20.00000,15.00000
1965,50.00000,20.00000,15.00000
1966,50.00000,20.00000,12.50000
1967,50.00000,17.50000,15.00000
1968,47.50000,20.00000,12.50000
1969,47.50000,17.50000,15.00000
1970,47.50000,20.00000,20.00000
1971,50.00000,20.00000,20.00000
1972,50.00000,20.00000,17.50000
1973,50.00000,17.50000,20.00000
1974,47.50000,20.00000,17.50000
1975,47.50000,17.50000,20.00000
1976,47.50000,20.00000,25.00000
1977,50.00000,20.00000,25.00000
1978,50.00000,20.00000,22.50000
1979,50.00000,17.50000,25.00000
1980,47.50000,20.00000,22.50000
1981,47.50000,17.50000,25.00000
1982,47.50000,25.00000,0.00000
1983,47.50000,25.00000,5.00000
1984,50.00000,25.00000,0.00000
1985,50.00000,25.00000,5.00000
1986,50.00000,25.00000,2.50000
1987,50.00000,22.50000,0.00000
1988,50.00000,22.50000,5.00000
1989,47.50000,25.00000,2.50000
1990,47.50000,22.50000,0.00000
1991,47.50000,22.50000,5.00000
1992,47.50000,25.00000,10.00000
1993,50.00000,25.00000,10.00000
1994,50.00000,25.00000,7.50000
1995,50.00000,22.50000,10.00000
1996,47.50000,25.00000,7.50000
1997,47.50000,22.50000,10.00000
1998,47.50000,25.00000,15.00000
1999,50.00000,25.00000,15.00000
2000,50.00000,25.00000,12.50000
2001,50.00000,22.50000,15.00000
2002,47.50000,25.00000,12.50000
2003,47.50000,22.50000,15.00000
2004,47.50000,25.00000,20.00000
2005,50.00000,25.00000,20.00000
2006,50.00000,25.00000,17.50000
2007,50.00000,22.50000,20.00000
2008,47.50000,25.00000,17.50000
2009,47.50000,22.50000,20.00000
2010,47.50000,25.00000,25.00000
2011,50.00000,25.00000,25.00000
2012,50.00000,25.00000,22.50000
2013,50.00000,22.50000,25.00000
2014,47.50000,25.00000,22.50000
2015,47.50000,22.50000,25.00000
2016,52.50000,0.00000,0.00000
2017,52.50000,5.00000,0.00000
2018,52.50000,0.00000,5.00000
2019,52.50000,5.00000,5.00000
2020,55.00000,0.00000,0.00000
2021,55.00000,5.00000,0.00000
2022,55.00000,0.00000,5.00000
2023,55.00000,5.00000,5.00000
2024,55.00000,0.00000,2.50000
2025,55.00000,5.00000,2.50000
2026,55.00000,2.50000,0.00000
2027,55.00000,2.50000,5.00000
2028,52.50000,0.00000,2.50000
2029,52.50000,5.00000,2.50000
2030,52.50000,2.50000,0.00000
2031,52.50000,2.50000,5.00000
2032,52.50000,0.00000,10.00000
2033,52.50000,5.00000,10.00000
2034,55.00000,0.00000,10.00000
2035,55.00000,5.00000,10.00000
2036,55.00000,0.00000,7.50000
2037,55.00000,5.00000,7.50000
2038,55.00000,2.50000,10.00000
2039,52.50000,0.00000,7.50000
2040,52.50000,5.00000,7.50000
2041,52.50000,2.50000,10.00000
2042,52.50000,0.00000,15.00000
2043,52.50000,5.00000,15.00000
2044,55.00000,0.00000,15.00000
2045,55.00000,5.00000,15.00000
2046,55.00000,0.00000,12.50000
2047,55.00000,5.00000,12.50000
2048,55.00000,2.50000,15.00000
2049,52.50000,0.00000,12.50000
2050,52.50000,5.00000,12.50000
2051,52.50000,2.50000,15.00000
2052,52.50000,0.00000,20.00000
2053,52.50000,5.00000,20.00000
2054,55.00000,0.00000,20.00000
2055,55.00000,5.00000,20.00000
2056,55.00000,0.00000,17.50000
2057,55.00000,5.00000,17.50000
2058,55.00000,2.50000,20.00000
2059,52.50000,0.00000,17.50000
2060,52.50000,5.00000,17.50000
2061,52.50000,2.50000,20.00000
2062,52.50000,0.00000,25.00000
2063,52.50000,5.00000,25.00000
2064,55.00000,0.00000,25.00000
2065,55.00000,5.00000,25.00000
2066,55.00000,0.00000,22.50000
2067,55.00000,5.00000,22.50000
2068,55.00000,2.50000,25.00000
2069,52.50000,0.00000,22.50000
2070,52.50000,5.00000,22.50000
2071,52.50000,2.50000,25.00000
2072,52.50000,10.00000,0.00000
2073,52.50000,10.00000,5.00000
2074,55.00000,10.00000,0.00000
2075,55.00000,10.00000,5.00000
2076,55.00000,10.00000,2.50000
2077,55.00000,7.50000,0.00000
2078,55.00000,7.50000,5.00000
2079,52.50000,10.00000,2.50000
2080,52.50000,7.50000,0.00000
2081,52.50000,7.50000,5.00000
2082,52.50000,10.00000,10.00000
2083,55.00000,10.00000,10.00000
2084,55.00000,10.00000,7.50000
2085,55.00000,7.50000,10.00000
2086,52.50000,10.00000,7.50000
2087,52.50000,7.50000,10.00000
2088,52.50000,10.00000,15.00000
2089,55.00000,10.00000,15.00000
2090,55.00000,10.00000,12.50000
2091,55.00000,7.50000,15.00000
2092,52.50000,10.00000,12.50000
2093,52.50000,7.50000,15.00000
2094,52.50000,10.00000,20.00000
2095,55.00000,10.00000,20.00000
2096,55.00000,10.00000,17.50000
2097,55.00000,7.50000,20.00000
2098,52.50000,10.00000,17.50000
2099,52.50000,7.50000,20.00000
2100,52.50000,10.00000,25.00000
2101,55.00000,10.00000,25.00000
2102,55.00000,10.00000,22.50000
2103,55.00000,7.50000,25.00000
2104,52.50000,10.00000,22.50000
2105,52.50000,7.50000,25.00000
2106,52.50000,15.00000,0.00000
2107,52.50000,15.00000,5.00000
2108,55.00000,15.00000,0.00000
2109,55.00000,15.00000,5.00000
2110,55.00000,15.00000,2.50000
2111,55.00000,12.50000,0.00000
2112,55.00000,12.50000,5.00000
2113,52.50000,15.00000,2.50000
2114,52.50000,12.50000,0.00000
2115,52.50000,12.50000,5.00000
2116,52.50000,15.00000,10.00000
2117,55.00000,15.00000,10.00000
2118,55.00000,15.00000,7.50000
2119,55.00000,12.50000,10.00000
2120,52.50000,15.00000,7.50000
2121,52.50000,12.50000,10.00000
2122,52.50000,15.00000,15.00000
2123,55.00000,15.00000,15.00000
2124,55.00000,15.00000,12.50000
2125,55.00000,12.50000,15.00000
2126,52.50000,15.00000,12.50000
2127,52.50000,12.50000,15.00000
2128,52.50000,15.00000,20.00000
2129,55.00000,15.00000,20.00000
2130,55.00000,15.00000,17.50000
2131,55.00000,12.50000,20.00000
2132,52.50000,15.00000,17.50000
2133,52.50000,12.50000,20.00000
2134,52.50000,15.00000,25.00000
2135,55.00000,15.00000,25.00000
2136,55.00000,15.00000,22.50000
2137,55.00000,12.50000,25.00000
2138,52.50000,15.00000,22.50000
2139,52.50000,12.50000,25.00000
2140,52.50000,20.00000,0.00000
2141,52.50000,20.00000,5.00000
2142,55.00000,20.00000,0.00000
2143,55.00000,20.00000,5.00000
2144,55.00000,20.00000,2.50000
2145,55.00000,17.50000,0.00000
2146,55.00000,17.50000,5.00000
2147,52.50000,20.00000,2.50000
2148,52.50000,17.50000,0.00000
2149,52.50000,17.50000,5.00000
2150,52.50000,20.00000,10.00000
2151,55.00000,20.00000,10.00000
2152,55.00000,20.00000,7.50000
2153,55.00000,17.50000,10.00000
2154,52.50000,20.00000,7.50000
2155,52.50000,17.50000,10.00000
2156,52.50000,20.00000,15.00000
2157,55.00000,20.00000,15.00000
2158,55.00000,20.00000,12.50000
2159,55.00000,17.50000,15.00000
2160,52.50000,20.00000,12.50000
2161,52.50000,17.50000,15.00000
2162,52.50000,20.00000,20.00000
2163,55.00000,20.00000,20.00000
2164,55.00000,20.00000,17.50000
2165,55.00000,17.50000,20.00000
2166,52.50000,20.00000,17.50000
2167,52.50000,17.50000,20.00000
2168,52.50000,20.00000,25.00000
2169,55.00000,20.00000,25.00000
2170,55.00000,20.00000,22.50000
2171,55.00000,17.50000,25.00000
2172,52.50000,20.00000,22.50000
2173,52.50000,17.50000,25.00000
2174,52.50000,25.00000,0.00000
2175,52.50000,25.00000,5.00000
2176,55.00000,25.00000,0.00000
2177,55.00000,25.00000,5.00000
2178,55.00000,25.00000,2.50000
2179,55.00000,22.50000,0.00000
2180,55.00000,22.50000,5.00000
2181,52.50000,25.00000,2.50000
2182,52.50000,22.50000,0.00000
2183,52.50000,22.50000,5.00000
2184,52.50000,25.00000,10.00000
2185,55.00000,25.00000,10.00000
2186,55.00000,25.00000,7.50000
2187,55.00000,22.50000,10.00000
2188,52.50000,25.00000,7.50000
2189,52.50000,22.50000,10.00000
2190,52.50000,25.00000,15.00000
2191,55.00000,25.00000,15.00000
2192,55.00000,25.00000,12.50000
2193,55.00000,22.50000,15.00000
2194,52.50000,25.00000,12.50000
2195,52.50000,22.50000,15.00000
2196,52.50000,25.00000,20.00000
2197,55.00000,25.00000,20.00000
2198,55.00000,25.00000,17.50000
2199,55.00000,22.50000,20.00000
2200,52.50000,25.00000,17.50000
2201,52.50000,22.50000,20.00000
2202,52.50000,25.00000,25.00000
2203,55.00000,25.00000,25.00000
2204,55.00000,25.00000,22.50000
2205,55.00000,22.50000,25.00000
2206,52.50000,25.00000,22.50000
2207,52.50000,22.50000,25.00000
2208,57.50000,0.00000,0.00000
2209,57.50000,5.00000,0.00000
2210,57.50000,0.00000,5.00000
2211,57.50000,5.00000,5.00000
2212,60.00000,0.00000,0.00000
2213,60.00000,5.00000,0.00000
2214,60.00000,0.00000,5.00000
2215,60.00000,5.00000,5.00000
2216,60.00000,0.00000,2.50000
2217,60.00000,5.00000,2.50000
2218,60.00000,2.50000,0.00000
2219,60.00000,2.50000,5.00000
2220,57.50000,0.00000,2.50000
2221,57.50000,5.00000,2.50000
2222,57.50000,2.50000,0.00000
2223,57.50000,2.50000,5.00000
2224,57.50000,0.00000,10.00000
2225,57.50000,5.00000,10.00000
2226,60.00000,0.00000,10.00000
2227,60.00000,5.00000,10.00000
2228,60.00000,0.00000,7.50000
2229,60.00000,5.00000,7.50000
2230,60.00000,2.50000,10.00000
2231,57.50000,0.00000,7.50000
2232,57.50000,5.00000,7.50000
2233,57.50000,2.50000,10.00000
2234,57.50000,0.00000,15.00000
2235,57.50000,5.00000,15.00000
2236,60.00000,0.00000,15.00000
2237,60.00000,5.00000,15.00000
2238,60.00000,0.00000,12.50000
2239,60.00000,5.00000,12.50000
2240,60.00000,2.50000,15.00000
2241,57.50000,0.00000,12.50000
2242,57.50000,5.00000,12.50000
2243,57.50000,2.50000,15.00000
2244,57.50000,0.00000,20.00000
2245,57.50000,5.00000,20.00000
2246,60.00000,0.00000,20.00000
2247,60.00000,5.00000,20.00000
2248,60.00000,0.00000,17.50000
2249,60.00000,5.00000,17.50000
2250,60.00000,2.50000,20.00000
2251,57.50000,0.00000,17.50000
2252,57.50000,5.00000,17.50000
2253,57.50000,2.50000,20.00000
2254,57.50000,0.00000,25.00000
2255,57.50000,5.00000,25.00000
2256,60.00000,0.00000,25.00000
2257,60.00000,5.00000,25.00000
2258,60.00000,0.00000,22.50000
2259,60.00000,5.00000,22.50000
2260,60.00000,2.50000,25.00000
2261,57.50000,0.00000,22.50000
2262,57.50000,5.00000,22.50000
2263,57.50000,2.50000,25.00000
2264,57.50000,10.00000,0.00000
2265,57.50000,10.00000,5.00000
2266,60.00000,10.00000,0.00000
2267,60.00000,10.00000,5.00000
2268,60.00000,10.00000,2.50000
2269,60.00000,7.50000,0.00000
2270,60.00000,7.50000,5.00000
2271,57.50000,10.00000,2.50000
2272,57.50000,7.50000,0.00000
2273,57.50000,7.50000,5.00000
2274,57.50000,10.00000,10.00000
2275,60.00000,10.00000,10.00000
2276,60.00000,10.00000,7.50000
2277,60.00000,7.50000,10.00000
2278,57.50000,10.00000,7.50000
2279,57.50000,7.50000,10.00000
2280,57.50000,10.00000,15.00000
2281,60.00000,10.00000,15.00000
2282,60.00000,10.00000,12.50000
2283,60.00000,7.50000,15.00000
2284,57.50000,10.00000,12.50000
2285,57.50000,7.50000,15.00000
2286,57.50000,10.00000,20.00000
2287,60.00000,10.00000,20.00000
2288,60.00000,10.00000,17.50000
2289,60.00000,7.50000,20.00000
2290,57.50000,10.00000,17.50000
2291,57.50000,7.50000,20.00000
2292,57.50000,10.00000,25.00000
2293,60.00000,10.00000,25.00000
2294,60.00000,10.00000,22.50000
2295,60.00000,7.50000,25.00000
2296,57.50000,10.00000,22.50000
2297,57.50000,7.50000,25.00000
2298,57.50000,15.00000,0.00000
2299,57.50000,15.00000,5.00000
2300,60.00000,15.00000,0.00000
2301,60.00000,15.00000,5.00000
2302,60.00000,15.00000,2.50000
2303,60.00000,12.50000,0.00000
2304,60.00000,12.50000,5.00000
2305,57.50000,15.00000,2.50000
2306,57.50000,12.50000,0.00000
2307,57.50000,12.50000,5.00000
2308,57.50000,15.00000,10.00000
2309,60.00000,15.00000,10.00000
2310,60.00000,15.00000,7.50000
2311,60.00000,12.50000,10.00000
2312,57.50000,15.00000,7.50000
2313,57.50000,12.50000,10.00000
2314,57.50000,15.00000,15.00000
2315,60.00000,15.00000,15.00000
2316,60.00000,15.00000,12.50000
2317,60.00000,12.50000,15.00000
2318,57.50000,15.00000,12.50000
2319,57.50000,12.50000,15.00000
2320,57.50000,15.00000,20.00000
2321,60.00000,15.00000,20.00000
2322,60.00000,15.00000,17.50000
2323,60.00000,12.50000,20.00000
2324,57.50000,15.00000,17.50000
2325,57.50000,12.50000,20.00000
2326,57.50000,15.00000,25.00000
2327,60.00000,15.00000,25.00000
2328,60.00000,15.00000,22.50000
2329,60.00000,12.50000,25.00000
2330,57.50000,15.00000,22.50000
2331,57.50000,12.50000,25.00000
2332,57.50000,20.00000,0.00000
2333,57.50000,20.00000,5.00000
2334,60.00000,20.00000,0.00000
2335,60.00000,20.00000,5.00000
2336,60.00000,20.00000,2.50000
2337,60.00000,17.50000,0.00000
2338,60.00000,17.50000,5.00000
2339,57.50000,20.00000,2.50000
2340,57.50000,17.50000,0.00000
2341,57.50000,17.50000,5.00000
2342,57.50000,20.00000,10.00000
2343,60.00000,20.00000,10.00000
2344,60.00000,20.00000,7.50000
2345,60.00000,17.50000,10.00000
2346,57.50000,20.00000,7.50000
2347,57.50000,17.50000,10.00000
2348,57.50000,20.00000,15.00000
2349,60.00000,20.00000,15.00000
2350,60.00000,20.00000,12.50000
2351,60.00000,17.50000,15.00000
2352,57.50000,20.00000,12.50000
2353,57.50000,17.50000,15.00000
2354,57.50000,20.00000,20.00000
2355,60.00000,20.00000,20.00000
2356,60.00000,20.00000,17.50000
2357,60.00000,17.50000,20.00000
2358,57.50000,20.00000,17.50000
2359,57.50000,17.50000,20.00000
2360,57.50000,20.00000,25.00000
2361,60.00000,20.00000,25.00000
2362,60.00000,20.00000,22.50000
2363,60.00000,17.50000,25.00000
2364,57.50000,20.00000,22.50000
2365,57.50000,17.50000,25.00000
2366,57.50000,25.00000,0.00000
2367,57.50000,25.00000,5.00000
2368,60.00000,25.00000,0.00000
2369,60.00000,25.00000,5.00000
2370,60.00000,25.00000,2.50000
2371,60.00000,22.50000,0.00000
2372,60.00000,22.50000,5.00000
2373,57.50000,25.00000,2.50000
2374,57.50000,22.50000,0.00000
2375,57.50000,22.50000,5.00000
2376,57.50000,25.00000,10.00000
2377,60.00000,25.00000,10.00000
2378,60.00000,25.00000,7.50000
2379,60.00000,22.50000,10.00000
2380,57.50000,25.00000,7.50000
2381,57.50000,22.50000,10.00000
2382,57.50000,25.00000,15.00000
2383,60.00000,25.00000,15.00000
2384,60.00000,25.00000,12.50000
2385,60.00000,22.50000,15.00000
2386,57.50000,25.00000,12.50000
2387,57.50000,22.50000,15.00000
2388,57.50000,25.00000,20.00000
2389,60.00000,25.00000,20.00000
2390,60.00000,25.00000,17.50000
2391,60.00000,22.50000,20.00000
2392,57.50000,25.00000,17.50000
2393,57.50000,22.50000,20.00000
2394,57.50000,25.00000,25.00000
2395,60.00000,25.00000,25.00000
2396,60.00000,25.00000,22.50000
2397,60.00000,22.50000,25.00000
2398,57.50000,25.00000,22.50000
2399,57.50000,22.50000,25.00000
2400,62.50000,0.00000,0.00000
2401,62.50000,5.00000,0.00000
2402,62.50000,0.00000,5.00000
2403,62.50000,5.00000,5.00000
2404,65.00000,0.00000,0.00000
2405,65.00000,5.00000,0.00000
2406,65.00000,0.00000,5.00000
2407,65.00000,5.00000,5.00000
2408,65.00000,0.00000,2.50000
2409,65.00000,5.00000,2.50000
2410,65.00000,2.50000,0.00000
2411,65.00000,2.50000,5.00000
2412,62.50000,0.00000,2.50000
2413,62.50000,5.00000,2.50000
2414,62.50000,2.50000,0.00000
2415,62.50000,2.50000,5.00000
2416,62.50000,0.00000,10.00000
2417,62.50000,5.00000,10.00000
2418,65.00000,0.00000,10.00000
2419,65.00000,5.00000,10.00000
2420,65.00000,0.00000,7.50000
2421,65.00000,5.00000,7.50000
2422,65.00000,2.50000,10.00000
2423,62.50000,0.00000,7.50000
2424,62.50000,5.00000,7.50000
2425,62.50000,2.50000,10.00000
2426,62.50000,0.00000,15.00000
2427,62.50000,5.00000,15.00000
2428,65.00000,0.00000,15.00000
2429,65.00000,5.00000,15.00000
2430,65.00000,0.00000,12.50000
2431,65.00000,5.00000,12.50000
2432,65.00000,2.50000,15.00000
2433,62.50000,0.00000,12.50000
2434,62.50000,5.00000,12.50000
2435,62.50000,2.50000,15.00000
2436,62.50000,0.00000,20.00000
2437,62.50000,5.00000,20.00000
2438,65.00000,0.00000,20.00000
2439,65.00000,5.00000,20.00000
2440,65.00000,0.00000,17.50000
2441,65.00000,5.00000,17.50000
2442,65.00000,2.50000,20.00000
2443,62.50000,0.00000,17.50000
2444,62.50000,5.00000,17.50000
2445,62.50000,2.50000,20.00000
2446,62.50000,0.00000,25.00000
2447,62.50000,5.00000,25.00000
2448,65.00000,0.00000,25.00000
2449,65.00000,5.00000,25.00000
2450,65.00000,0.00000,22.50000
2451,65.00000,5.00000,22.50000
2452,65.00000,2.50000,25.00000
2453,62.50000,0.00000,22.50000
2454,62.50000,5.00000,22.50000
2455,62.50000,2.50000,25.00000
2456,62.50000,10.00000,0.00000
2457,62.50000,10.00000,5.00000
2458,65.00000,10.00000,0.00000
2459,65.00000,10.00000,5.00000
2460,65.00000,10.00000,2.50000
2461,65.00000,7.50000,0.00000
2462,65.00000,7.50000,5.00000
2463,62.50000,10.00000,2.50000
2464,62.50000,7.50000,0.00000
2465,62.50000,7.50000,5.00000
2466,62.50000,10.00000,10.00000
2467,65.00000,10.00000,10.00000
2468,65.00000,10.00000,7.50000
2469,65.00000,7.50000,10.00000
2470,62.50000,10.00000,7.50000
2471,62.50000,7.50000,10.00000
2472,62.50000,10.00000,15.00000
2473,65.00000,10.00000,15.00000
2474,65.00000,10.00000,12.50000
2475,65.00000,7.50000,15.00000
2476,62.50000,10.00000,12.50000
2477,62.50000,7.50000,15.00000
2478,62.50000,10.00000,20.00000
2479,65.00000,10.00000,20.00000
2480,65.00000,10.00000,17.50000
2481,65.00000,7.50000,20.00000
2482,62.50000,10.00000,17.50000
2483,62.50000,7.50000,20.00000
2484,62.50000,10.00000,25.00000
2485,65.00000,10.00000,25.00000
2486,65.00000,10.00000,22.50000
2487,65.00000,7.50000,25.00000
2488,62.50000,10.00000,22.50000
2489,62.50000,7.50000,25.00000
2490,62.50000,15.00000,0.00000
2491,62.50000,15.00000,5.00000
2492,65.00000,15.00000,0.00000
2493,65.00000,15.00000,5.00000
2494,65.00000,15.00000,2.50000
2495,65.00000,12.50000,0.00000
2496,65.00000,12.50000,5.00000
2497,62.50000,15.00000,2.50000
2498,62.50000,12.50000,0.00000
2499,62.50000,12.50000,5.00000
2500,62.50000,15.00000,10.00000
2501,65.00000,15.00000,10.00000
2502,65.00000,15.00000,7.50000
2503,65.00000,12.50000,10.00000
2504,62.50000,15.00000,7.50000
2505,62.50000,12.50000,10.00000
2506,62.50000,15.00000,15.00000
2507,65.00000,15.00000,15.00000
2508,65.00000,15.00000,12.50000
2509,65.00000,12.50000,15.00000
2510,62.50000,15.00000,12.50000
2511,62.50000,12.50000,15.00000
2512,62.50000,15.00000,20.00000
2513,65.00000,15.00000,20.00000
2514,65.00000,15.00000,17.50000
2515,65.00000,12.50000,20.00000
2516,62.50000,15.00000,17.50000
2517,62.50000,12.50000,20.00000
2518,62.50000,15.00000,25.00000
2519,65.00000,15.00000,25.00000
2520,65.00000,15.00000,22.50000
2521,65.00000,12.50000,25.00000
2522,62.50000,15.00000,22.50000
2523,62.50000,12.50000,25.00000
2524,62.50000,20.00000,0.00000
2525,62.50000,20.00000,5.00000
2526,65.00000,20.00000,0.00000
2527,65.00000,20.00000,5.00000
2528,65.00000,20.00000,2.50000
2529,65.00000,17.50000,0.00000
2530,65.00000,17.50000,5.00000
2531,62.50000,20.00000,2.50000
2532,62.50000,17.50000,0.00000
2533,62.50000,17.50000,5.00000
2534,62.50000,20.00000,10.00000
2535,65.00000,20.00000,10.00000
2536,65.00000,20.00000,7.50000
2537,65.00000,17.50000,10.00000
2538,62.50000,20.00000,7.50000
2539,62.50000,17.50000,10.00000
2540,62.50000,20.00000,15.00000
2541,65.00000,20.00000,15.00000
2542,65.00000,20.00000,12.50000
2543,65.00000,17.50000,15.00000
2544,62.50000,20.00000,12.50000
2545,62.50000,17.50000,15.00000
2546,62.50000,20.00000,20.00000
2547,65.00000,20.00000,20.00000
2548,65.00000,20.00000,17.50000
2549,65.00000,17.50000,20.00000
2550,62.50000,20.00000,17.50000
2551,62.50000,17.50000,20.00000
2552,62.50000,20.00000,25.00000
2553,65.00000,20.00000,25.00000
2554,65.00000,20.00000,22.50000
2555,65.00000,17.50000,25.00000
2556,62.50000,20.00000,22.50000
2557,62.50000,17.50000,25.00000
2558,62.50000,25.00000,0.00000
2559,62.50000,25.00000,5.00000
2560,65.00000,25.00000,0.00000
2561,65.00000,25.00000,5.00000
2562,65.00000,25.00000,2.50000
2563,65.00000,22.50000,0.00000
2564,65.00000,22.50000,5.00000
2565,62.50000,25.00000,2.50000
2566,62.50000,22.50000,0.00000
2567,62.50000,22.50000,5.00000
2568,62.50000,25.00000,10.00000
2569,65.00000,25.00000,10.00000
2570,65.00000,25.00000,7.50000
2571,65.00000,22.50000,10.00000
2572,62.50000,25.00000,7.50000
2573,62.50000,22.50000,10.00000
2574,62.50000,25.00000,15.00000
2575,65.00000,25.00000,15.00000
2576,65.00000,25.00000,12.50000
2577,65.00000,22.50000,15.00000
2578,62.50000,25.00000,12.50000
2579,62.50000,22.50000,15.00000
2580,62.50000,25.00000,20.00000
2581,65.00000,25.00000,20.00000
2582,65.00000,25.00000,17.50000
2583,65.00000,22.50000,20.00000
2584,62.50000,25.00000,17.50000
2585,62.50000,22.50000,20.00000
2586,62.50000,25.00000,25.00000
2587,65.00000,25.00000,25.00000
2588,65.00000,25.00000,22.50000
2589,65.00000,22.50000,25.00000
2590,62.50000,25.00000,22.50000
2591,62.50000,22.50000,25.00000
2592,67.50000,0.00000,0.00000
2593,67.50000,5.00000,0.00000
2594,67.50000,0.00000,5.00000
2595,67.50000,5.00000,5.00000
2596,70.00000,0.00000,0.00000
2597,70.00000,5.00000,0.00000
2598,70.00000,0.00000,5.00000
2599,70.00000,5.00000,5.00000
2600,70.00000,0.00000,2.50000
2601,70.00000,5.00000,2.50000
2602,70.00000,2.50000,0.00000
2603,70.00000,2.50000,5.00000
2604,67.50000,0.00000,2.50000
2605,67.50000,5.00000,2.50000
2606,67.50000,2.50000,0.00000
2607,67.50000,2.50000,5.00000
2608,67.50000,0.00000,10.00000
2609,67.50000,5.00000,10.00000
2610,70.00000,0.00000,10.00000
2611,70.00000,5.00000,10.00000
2612,70.00000,0.00000,7.50000
2613,70.00000,5.00000,7.50000
2614,70.00000,2.50000,10.00000
2615,67.50000,0.00000,7.50000
2616,67.50000,5.00000,7.50000
2617,67.50000,2.50000,10.00000
2618,67.50000,0.00000,15.00000
2619,67.50000,5.00000,15.00000
2620,70.00000,0.00000,15.00000
2621,70.00000,5.00000,15.00000
2622,70.00000,0.00000,12.50000
2623,70.00000,5.00000,12.50000
2624,70.00000,2.50000,15.00000
2625,67.50000,0.00000,12.50000
2626,67.50000,5.00000,12.50000
2627,67.50000,2.50000,15.00000
2628,67.50000,0.00000,20.00000
2629,67.50000,5.00000,20.00000
2630,70.00000,0.00000,20.00000
2631,70.00000,5.00000,20.00000
2632,70.00000,0.00000,17.50000
2633,70.00000,5.00000,17.50000
2634,70.00000,2.50000,20.00000
2635,67.50000,0.00000,17.50000
2636,67.50000,5.00000,17.50000
2637,67.50000,2.50000,20.00000
2638,67.50000,0.00000,25.00000
2639,67.50000,5.00000,25.00000
2640,70.00000,0.00000,25.00000
2641,70.00000,5.00000,25.00000
2642,70.00000,0.00000,22.50000
2643,70.00000,5.00000,22.50000
2644,70.00000,2.50000,25.00000
2645,67.50000,0.00000,22.50000
2646,67.50000,5.00000,22.50000
2647,67.50000,2.50000,25.00000
2648,67.50000,10.00000,0.00000
2649,67.50000,10.00000,5.00000
2650,70.00000,10.00000,0.00000
2651,70.00000,10.00000,5.00000
2652,70.00000,10.00000,2.50000
2653,70.00000,7.50000,0.00000
2654,70.00000,7.50000,5.00000
2655,67.50000,10.00000,2.50000
2656,67.50000,7.50000,0.00000
2657,67.50000,7.50000,5.00000
2658,67.50000,10.00000,10.00000
2659,70.00000,10.00000,10.00000
2660,70.00000,10.00000,7.50000
2661,70.00000,7.50000,10.00000
2662,67.50000,10.00000,7.50000
2663,67.50000,7.50000,10.00000
2664,67.50000,10.00000,15.00000
2665,70.00000,10.00000,15.00000
2666,70.00000,10.00000,12.50000
2667,70.00000,7.50000,15.00000
2668,67.50000,10.00000,12.50000
2669,67.50000,7.50000,15.00000
2670,67.50000,10.00000,20.00000
2671,70.00000,10.00000,20.00000
2672,70.00000,10.00000,17.50000
2673,70.00000,7.50000,20.00000
2674,67.50000,10.00000,17.50000
2675,67.50000,7.50000,20.00000
2676,67.50000,10.00000,25.00000
2677,70.00000,10.00000,25.00000
2678,70.00000,10.00000,22.50000
2679,70.00000,7.50000,25.00000
2680,67.50000,10.00000,22.50000
2681,67.50000,7.50000,25.00000
2682,67.50000,15.00000,0.00000
2683,67.50000,15.00000,5.00000
2684,70.00000,15.00000,0.00000
2685,70.00000,15.00000,5.00000
2686,70.00000,15.00000,2.50000
2687,70.00000,12.50000,0.00000
2688,70.00000,12.50000,5.00000
2689,67.50000,15.00000,2.50000
2690,67.50000,12.50000,0.00000
2691,67.50000,12.50000,5.00000
2692,67.50000,15.00000,10.00000
2693,70.00000,15.00000,10.00000
2694,70.00000,15.00000,7.50000
2695,70.00000,12.50000,10.00000
2696,67.50000,15.00000,7.50000
2697,67.50000,12.50000,10.00000
2698,67.50000,15.00000,15.00000
2699,70.00000,15.00000,15.00000
2700,70.00000,15.00000,12.50000
2701,70.00000,12.50000,15.00000
2702,67.50000,15.00000,12.50000
2703,67.50000,12.50000,15.00000
2704,67.50000,15.00000,20.00000
2705,70.00000,15.00000,20.00000
2706,70.00000,15.00000,17.50000
2707,70.00000,12.50000,20.00000
2708,67.50000,15.00000,17.50000
2709,67.50000,12.50000,20.00000
2710,67.50000,15.00000,25.00000
2711,70.00000,15.00000,25.00000
2712,70.00000,15.00000,22.50000
2713,70.00000,12.50000,25.00000
2714,67.50000,15.00000,22.50000
2715,67.50000,12.50000,25.00000
2716,67.50000,20.00000,0.00000
2717,67.50000,20.00000,5.00000
2718,70.00000,20.00000,0.00000
2719,70.00000,20.00000,5.00000
2720,70.00000,20.00000,2.50000
2721,70.00000,17.50000,0.00000
2722,70.00000,17.50000,5.00000
2723,67.50000,20.00000,2.50000
2724,67.50000,17.50000,0.00000
2725,67.50000,17.50000,5.00000
2726,67.50000,20.00000,10.00000
2727,70.00000,20.00000,10.00000
2728,70.00000,20.00000,7.50000
2729,70.00000,17.50000,10.00000
2730,67.50000,20.00000,7.50000
2731,67.50000,17.50000,10.00000
2732,67.50000,20.00000,15.00000
2733,70.00000,20.00000,15.00000
2734,70.00000,20.00000,12.50000
2735,70.00000,17.50000,15.00000
2736,67.50000,20.00000,12.50000
2737,67.50000,17.50000,15.00000
2738,67.50000,20.00000,20.00000
2739,70.00000,20.00000,20.00000
2740,70.00000,20.00000,17.50000
2741,70.00000,17.50000,20.00000
2742,67.50000,20.00000,17.50000
2743,67.50000,17.50000,20.00000
2744,67.50000,20.00000,25.00000
2745,70.00000,20.00000,25.00000
2746,70.00000,20.00000,22.50000
2747,70.00000,17.50000,25.00000
2748,67.50000,20.00000,22.50000
2749,67.50000,17.50000,25.00000
2750,67.50000,25.00000,0.00000
2751,67.50000,25.00000,5.00000
2752,70.00000,25.00000,0.00000
2753,70.00000,25.00000,5.00000
2754,70.00000,25.00000,2.50000
2755,70.00000,22.50000,0.00000
2756,70.00000,22.50000,5.00000
2757,67.50000,25.00000,2.50000
2758,67.50000,22.50000,0.00000
2759,67.50000,22.50000,5.00000
2760,67.50000,25.00000,10.00000
2761,70.00000,25.00000,10.00000
2762,70.00000,25.00000,7.50000
2763,70.00000,22.50000,10.00000
2764,67.50000,25.00000,7.50000
2765,67.50000,22.50000,10.00000
2766,67.50000,25.00000,15.00000
2767,70.00000,25.00000,15.00000
2768,70.00000,25.00000,12.50000
2769,70.00000,22.50000,15.00000
2770,67.50000,25.00000,12.50000
2771,67.50000,22.50000,15.00000
2772,67.50000,25.00000,20.00000
2773,70.00000,25.00000,20.00000
2774,70.00000,25.00000,17.50000
2775,70.00000,22.50000,20.00000
2776,67.50000,25.00000,17.50000
2777,67.50000,22.50000,20.00000
2778,67.50000,25.00000,25.00000
2779,70.00000,25.00000,25.00000
2780,70.00000,25.00000,22.50000
2781,70.00000,22.50000,25.00000
2782,67.50000,25.00000,22.50000
2783,67.50000,22.50000,25.00000
2784,72.50000,0.00000,0.00000
2785,72.50000,5.00000,0.00000
2786,72.50000,0.00000,5.00000
2787,72.50000,5.00000,5.00000
2788,75.00000,0.00000,0.00000
2789,75.00000,5.00000,0.00000
2790,75.00000,0.00000,5.00000
2791,75.00000,5.00000,5.00000
2792,75.00000,0.00000,2.50000
2793,75.00000,5.00000,2.50000
2794,75.00000,2.50000,0.00000
2795,75.00000,2.50000,5.00000
2796,72.50000,0.00000,2.50000
2797,72.50000,5.00000,2.50000
2798,72.50000,2.50000,0.00000
2799,72.50000,2.50000,5.00000
2800,72.50000,0.00000,10.00000
2801,72.50000,5.00000,10.00000
2802,75.00000,0.00000,10.00000
2803,75.00000,5.00000,10.00000
2804,75.00000,0.00000,7.50000
2805,75.00000,5.00000,7.50000
2806,75.00000,2.50000,10.00000
2807,72.50000,0.00000,7.50000
2808,72.50000,5.00000,7.50000
2809,72.50000,2.50000,10.00000
2810,72.50000,0.00000,15.00000
2811,72.50000,5.00000,15.00000
2812,75.00000,0.00000,15.00000
2813,75.00000,5.00000,15.00000
2814,75.00000,0.00000,12.50000
2815,75.00000,5.00000,12.50000
2816,75.00000,2.50000,15.00000
2817,72.50000,0.00000,12.50000
2818,72.50000,5.00000,12.50000
2819,72.50000,2.50000,15.00000
2820,72.50000,0.00000,20.00000
2821,72.50000,5.00000,20.00000
2822,75.00000,0.00000,20.00000
2823,75.00000,5.00000,20.00000
2824,75.00000,0.00000,17.50000
2825,75.00000,5.00000,17.50000
2826,75.00000,2.50000,20.00000
2827,72.50000,0.00000,17.50000
2828,72.50000,5.00000,17.50000
2829,72.50000,2.50000,20.00000
2830,72.50000,0.00000,25.00000
2831,72.50000,5.00000,25.00000
2832,75.00000,0.00000,25.00000
2833,75.00000,5.00000,25.00000
2834,75.00000,0.00000,22.50000
2835,75.00000,5.00000,22.50000
2836,75.00000,2.50000,25.00000
2837,72.50000,0.00000,22.50000
2838,72.50000,5.00000,22.50000
2839,72.50000,2.50000,25.00000
2840,72.50000,10.00000,0.00000
2841,72.50000,10.00000,5.00000
2842,75.00000,10.00000,0.00000
2843,75.00000,10.00000,5.00000
2844,75.00000,10.00000,2.50000
2845,75.00000,7.50000,0.00000
2846,75.00000,7.50000,5.00000
2847,72.50000,10.00000,2.50000
2848,72.50000,7.50000,0.00000
2849,72.50000,7.50000,5.00000
2850,72.50000,10.00000,10.00000
2851,75.00000,10.00000,10.00000
2852,75.00000,10.00000,7.50000
2853,75.00000,7.50000,10.00000
2854,72.50000,10.00000,7.50000
2855,72.50000,7.50000,10.00000
2856,72.50000,10.00000,15.00000
2857,75.00000,10.00000,15.00000
2858,75.00000,10.00000,12.50000
2859,75.00000,7.50000,15.00000
2860,72.50000,10.00000,12.50000
2861,72.50000,7.50000,15.00000
2862,72.50000,10.00000,20.00000
2863,75.00000,10.00000,20.00000
2864,75.00000,10.00000,17.50000
2865,75.00000,7.50000,20.00000
2866,72.50000,10.00000,17.50000
2867,72.50000,7.50000,20.00000
2868,72.50000,10.00000,25.00000
2869,75.00000,10.00000,25.00000
2870,75.00000,10.00000,22.50000
2871,75.00000,7.50000,25.00000
2872,72.50000,10.00000,22.50000
2873,72.50000,7.50000,25.00000
2874,72.50000,15.00000,0.00000
2875,72.50000,15.00000,5.00000
2876,75.00000,15.00000,0.00000
2877,75.00000,15.00000,5.00000
2878,75.00000,15.00000,2.50000
2879,75.00000,12.50000,0.00000
2880,75.00000,12.50000,5.00000
2881,72.50000,15.00000,2.50000
2882,72.50000,12.50000,0.00000
2883,72.50000,12.50000,5.00000
2884,72.50000,15.00000,10.00000
2885,75.00000,15.00000,10.00000
2886,75.00000,15.00000,7.50000
2887,75.00000,12.50000,10.00000
2888,72.50000,15.00000,7.50000
2889,72.50000,12.50000,10.00000
2890,72.50000,15.00000,15.00000
2891,75.00000,15.00000,15.00000
2892,75.00000,15.00000,12.50000
2893,75.00000,12.50000,15.00000
2894,72.50000,15.00000,12.50000
2895,72.50000,12.50000,15.00000
2896,72.50000,15.00000,20.00000
2897,75.00000,15.00000,20.00000
2898,75.00000,15.00000,17.50000
2899,75.00000,12.50000,20.00000
2900,72.50000,15.00000,17.50000
2901,72.50000,12.50000,20.00000
2902,72.50000,15.00000,25.00000
2903,75.00000,15.00000,25.00000
2904,75.00000,15.00000,22.50000
2905,75.00000,12.50000,25.00000
2906,72.50000,15.00000,22.50000
2907,72.50000,12.50000,25.00000
2908,72.50000,20.00000,0.00000
2909,72.50000,20.00000,5.00000
2910,75.00000,20.00000,0.00000
2911,75.00000,20.00000,5.00000
2912,75.00000,20.00000,2.50000
2913,75.00000,17.50000,0.00000
2914,75.00000,17.50000,5.00000
2915,72.50000,20.00000,2.50000
2916,72.50000,17.50000,0.00000
2917,72.50000,17.50000,5.00000
2918,72.50000,20.00000,10.00000
2919,75.00000,20.00000,10.00000
2920,75.00000,20.00000,7.50000
2921,75.00000,17.50000,10.00000
2922,72.50000,20.00000,7.50000
2923,72.50000,17.50000,10.00000
2924,72.50000,20.00000,15.00000
2925,75.00000,20.00000,15.00000
2926,75.00000,20.00000,12.50000
2927,75.00000,17.50000,15.00000
2928,72.50000,20.00000,12.50000
2929,72.50000,17.50000,15.00000
2930,72.50000,20.00000,20.00000
2931,75.00000,20.00000,20.00000
2932,75.00000,20.00000,17.50000
2933,75.00000,17.50000,20.00000
2934,72.50000,20.00000,17.50000
2935,72.50000,17.50000,20.00000
2936,72.50000,20.00000,25.00000
2937,75.00000,20.00000,25.00000
2938,75.00000,20.00000,22.50000
2939,75.00000,17.50000,25.00000
2940,72.50000,20.00000,22.50000
2941,72.50000,17.50000,25.00000
2942,72.50000,25.00000,0.00000
2943,72.50000,25.00000,5.00000
2944,75.00000,25.00000,0.00000
2945,75.00000,25.00000,5.00000
2946,75.00000,25.00000,2.50000
2947,75.00000,22.50000,0.00000
2948,75.00000,22.50000,5.00000
2949,72.50000,25.00000,2.50000
2950,72.50000,22.50000,0.00000
2951,72.50000,22.50000,5.00000
2952,72.50000,25.00000,10.00000
2953,75.00000,25.00000,10.00000
2954,75.00000,25.00000,7.50000
2955,75.00000,22.50000,10.00000
2956,72.50000,25.00000,7.50000
2957,72.50000,22.50000,10.00000
2958,72.50000,25.00000,15.00000
2959,75.00000,25.00000,15.00000
2960,75.00000,25.00000,12.50000
2961,75.00000,22.50000,15.00000
2962,72.50000,25.00000,12.50000
2963,72.50000,22.50000,15.00000
2964,72.50000,25.00000,20.00000
2965,75.00000,25.00000,20.00000
2966,75.00000,25.00000,17.50000
2967,75.00000,22.50000,20.00000
2968,72.50000,25.00000,17.50000
2969,72.50000,22.50000,20.00000
2970,72.50000,25.00000,25.00000
2971,75.00000,25.00000,25.00000
2972,75.00000,25.00000,22.50000
2973,75.00000,22.50000,25.00000
2974,72.50000,25.00000,22.50000
2975,72.50000,22.50000,25.00000
2976,77.50000,0.00000,0.00000
2977,77.50000,5.00000,0.00000
2978,77.50000,0.00000,5.00000
2979,77.50000,5.00000,5.00000
2980,80.00000,0.00000,0.00000
2981,80.00000,5.00000,0.00000
2982,80.00000,0.00000,5.00000
2983,80.00000,5.00000,5.00000
2984,80.00000,0.00000,2.50000
2985,80.00000,5.00000,2.50000
2986,80.00000,2.50000,0.00000
2987,80.00000,2.50000,5.00000
2988,77.50000,0.00000,2.50000
2989,77.50000,5.00000,2.50000
2990,77.50000,2.50000,0.00000
2991,77.50000,2.50000,5.00000
2992,77.50000,0.00000,10.00000
2993,77.50000,5.00000,10.00000
2994,80.00000,0.00000,10.00000
2995,80.00000,5.00000,10.00000
2996,80.00000,0.00000,7.50000
2997,80.00000,5.00000,7.50000
2998,80.00000,2.50000,10.00000
2999,77.50000,0.00000,7.50000
3000,77.50000,5.00000,7.50000
3001,77.50000,2.50000,10.00000
3002,77.50000,0.00000,15.00000
3003,77.50000,5.00000,15.00000
3004,80.00000,0.00000,15.00000
3005,80.00000,5.00000,15.00000
3006,80.00000,0.00000,12.50000
3007,80.00000,5.00000,12.50000
3008,80.00000,2.50000,15.00000
3009,77.50000,0.00000,12.50000
3010,77.50000,5.00000,12.50000
3011,77.50000,2.50000,15.00000
3012,77.50000,0.00000,20.00000
3013,77.50000,5.00000,20.00000
3014,80.00000,0.00000,20.00000
3015,80.00000,5.00000,20.00000
3016,80.00000,0.00000,17.50000
3017,80.00000,5.00000,17.50000
3018,80.00000,2.50000,20.00000
3019,77.50000,0.00000,17.50000
3020,77.50000,5.00000,17.50000
3021,77.50000,2.50000,20.00000
3022,77.50000,0.00000,25.00000
3023,77.50000,5.00000,25.00000
3024,80.00000,0.00000,25.00000
3025,80.00000,5.00000,25.00000
3026,80.00000,0.00000,22.50000
3027,80.00000,5.00000,22.50000
3028,80.00000,2.50000,25.00000
3029,77.50000,0.00000,22.50000
3030,77.50000,5.00000,22.50000
3031,77.50000,2.50000,25.00000
3032,77.50000,10.00000,0.00000
3033,77.50000,10.00000,5.00000
3034,80.00000,10.00000,0.00000
3035,80.00000,10.00000,5.00000
3036,80.00000,10.00000,2.50000
3037,80.00000,7.50000,0.00000
3038,80.00000,7.50000,5.00000
3039,77.50000,10.00000,2.50000
3040,77.50000,7.50000,0.00000
3041,77.50000,7.50000,5.00000
3042,77.50000,10.00000,10.00000
3043,80.00000,10.00000,10.00000
3044,80.00000,10.00000,7.50000
3045,80.00000,7.50000,10.00000
3046,77.50000,10.00000,7.50000
3047,77.50000,7.50000,10.00000
3048,77.50000,10.00000,15.00000
3049,80.00000,10.00000,15.00000
3050,80.00000,10.00000,12.50000
3051,80.00000,7.50000,15.00000
3052,77.50000,10.00000,12.50000
3053,77.50000,7.50000,15.00000
3054,77.50000,10.00000,20.00000
3055,80.00000,10.00000,20.00000
3056,80.00000,10.00000,17.50000
3057,80.00000,7.50000,20.00000
3058,77.50000,10.00000,17.50000
3059,77.50000,7.50000,20.00000
3060,77.50000,10.00000,25.00000
3061,80.00000,10.00000,25.00000
3062,80.00000,10.00000,22.50000
3063,80.00000,7.50000,25.00000
3064,77.50000,10.00000,22.50000
3065,77.50000,7.50000,25.00000
3066,77.50000,15.00000,0.00000
3067,77.50000,15.00000,5.00000
3068,80.00000,15.00000,0.00000
3069,80.00000,15.00000,5.00000
3070,80.00000,15.00000,2.50000
3071,80.00000,12.50000,0.00000
3072,80.00000,12.50000,5.00000
3073,77.50000,15.00000,2.50000
3074,77.50000,12.50000,0.00000
3075,77.50000,12.50000,5.00000
3076,77.50000,15.00000,10.00000
3077,80.00000,15.00000,10.00000
3078,80.00000,15.00000,7.50000
3079,80.00000,12.50000,10.00000
3080,77.50000,15.00000,7.50000
3081,77.50000,12.50000,10.00000
3082,77.50000,15.00000,15.00000
3083,80.00000,15.00000,15.00000
3084,80.00000,15.00000,12.50000
3085,80.00000,12.50000,15.00000
3086,77.50000,15.00000,12.50000
3087,77.50000,12.50000,15.00000
3088,77.50000,15.00000,20.00000
3089,80.00000,15.00000,20.00000
3090,80.00000,15.00000,17.50000
3091,80.00000,12.50000,20.00000
3092,77.50000,15.00000,17.50000
3093,77.50000,12.50000,20.00000
3094,77.50000,15.00000,25.00000
3095,80.00000,15.00000,25.00000
3096,80.00000,15.00000,22.50000
3097,80.00000,12.50000,25.00000
3098,77.50000,15.00000,22.50000
3099,77.50000,12.50000,25.00000
3100,77.50000,20.00000,0.00000
3101,77.50000,20.00000,5.00000
3102,80.00000,20.00000,0.00000
3103,80.00000,20.00000,5.00000
3104,80.00000,20.00000,2.50000
3105,80.00000,17.50000,0.00000
3106,80.00000,17.50000,5.00000
3107,77.50000,20.00000,2.50000
3108,77.50000,17.50000,0.00000
3109,77.50000,17.50000,5.00000
3110,77.50000,20.00000,10.00000
3111,80.00000,20.00000,10.00000
3112,80.00000,20.00000,7.50000
3113,80.00000,17.50000,10.00000
3114,77.50000,20.00000,7.50000
3115,77.50000,17.50000,10.00000
3116,77.50000,20.00000,15.00000
3117,80.00000,20.00000,15.00000
3118,80.00000,20.00000,12.50000
3119,80.00000,17.50000,15.00000
3120,77.50000,20.00000,12.50000
3121,77.50000,17.50000,15.00000
3122,77.50000,20.00000,20.00000
3123,80.00000,20.00000,20.00000
3124,80.00000,20.00000,17.50000
3125,80.00000,17.50000,20.00000
3126,77.50000,20.00000,17.50000
3127,77.50000,17.50000,20.00000
3128,77.50000,20.00000,25.00000
3129,80.00000,20.00000,25.00000
3130,80.00000,20.00000,22.50000
3131,80.00000,17.50000,25.00000
3132,77.50000,20.00000,22.50000
3133,77.50000,17.50000,25.00000
3134,77.50000,25.00000,0.00000
3135,77.50000,25.00000,5.00000
3136,80.00000,25.00000,0.00000
3137,80.00000,25.00000,5.00000
3138,80.00000,25.00000,2.50000
3139,80.00000,22.50000,0.00000
3140,80.00000,22.50000,5.00000
3141,77.50000,25.00000,2.50000
3142,77.50000,22.50000,0.00000
3143,77.50000,22.50000,5.00000
3144,77.50000,25.00000,10.00000
3145,80.00000,25.00000,10.00000
3146,80.00000,25.00000,7.50000
3147,80.00000,22.50000,10.00000
3148,77.50000,25.00000,7.50000
3149,77.50000,22.50000,10.00000
3150,77.50000,25.00000,15.00000
3151,80.00000,25.00000,15.00000
3152,80.00000,25.00000,12.50000
3153,80.00000,22.50000,15.00000
3154,77.50000,25.00000,12.50000
3155,77.50000,22.50000,15.00000
3156,77.50000,25.00000,20.00000
3157,80.00000,25.00000,20.00000
3158,80.00000,25.00000,17.50000
3159,80.00000,22.50000,20.00000
3160,77.50000,25.00000,17.50000
3161,77.50000,22.50000,20.00000
3162,77.50000,25.00000,25.00000
3163,80.00000,25.00000,25.00000
3164,80.00000,25.00000,22.50000
3165,80.00000,22.50000,25.00000
3166,77.50000,25.00000,22.50000
3167,77.50000,22.50000,25.00000
