block,i,j,k,x0_mm,y0_mm,z0_mm,cell,perm,density_nominal,strut_radius_mm,strut_dia_mm
0,0,0,0,0.00,0.00,0.00,5449,0,0.2998,0.4731,0.9463
1,0,0,1,0.00,0.00,5.00,5449,0,0.2998,0.4731,0.9463
2,0,0,2,0.00,0.00,10.00,100665,1,0.2998,0.4523,0.9048
3,0,0,3,0.00,0.00,15.00,5449,0,0.2998,0.4731,0.9463
4,0,0,4,0.00,0.00,20.00,5449,0,0.2998,0.4731,0.9463
5,0,1,0,0.00,5.00,0.00,5449,0,0.2998,0.4731,0.9463
6,0,1,1,0.00,5.00,5.00,5449,0,0.2998,0.4731,0.9463
7,0,1,2,0.00,5.00,10.00,2684,1,0.2998,0.4731,0.9463
8,0,1,3,0.00,5.00,15.00,5449,0,0.2998,0.4731,0.9463
9,0,1,4,0.00,5.00,20.00,5449,0,0.2998,0.4731,0.9463
10,0,2,0,0.00,10.00,0.00,5449,0,0.2998,0.4731,0.9463
11,0,2,1,0.00,10.00,5.00,5449,0,0.2998,0.4731,0.9463
12,0,2,2,0.00,10.00,10.00,101746,2,0.2109,0.2782,0.5564
13,0,2,3,0.00,10.00,15.00,5449,0,0.2998,0.4731,0.9463
14,0,2,4,0.00,10.00,20.00,5449,0,0.2998,0.4731,0.9463
15,0,3,0,0.00,15.00,0.00,5449,0,0.2998,0.4731,0.9463
16,0,3,1,0.00,15.00,5.00,5449,0,0.2998,0.4731,0.9463
17,0,3,2,0.00,15.00,10.00,2684,1,0.2998,0.4731,0.9463
18,0,3,3,0.00,15.00,15.00,5449,0,0.2998,0.4731,0.9463
19,0,3,4,0.00,15.00,20.00,5449,0,0.2998,0.4731,0.9463
20,0,4,0,0.00,20.00,0.00,5449,0,0.2998,0.4731,0.9463
21,0,4,1,0.00,20.00,5.00,5449,0,0.2998,0.4731,0.9463
22,0,4,2,0.00,20.00,10.00,100665,1,0.2998,0.4523,0.9048
23,0,4,3,0.00,20.00,15.00,5449,0,0.2998,0.4731,0.9463
24,0,4,4,0.00,20.00,20.00,5449,0,0.2998,0.4731,0.9463
25,1,0,0,5.00,0.00,0.00,5449,0,0.2998,0.4731,0.9463
26,1,0,1,5.00,0.00,5.00,100665,1,0.2998,0.4523,0.9048
27,1,0,2,5.00,0.00,10.00,2684,1,0.2998,0.4731,0.9463
28,1,0,3,5.00,0.00,15.00,2684,1,0.2998,0.4731,0.9463
29,1,0,4,5.00,0.00,20.00,5449,0,0.2998,0.4731,0.9463
30,1,1,0,5.00,5.00,0.00,5449,0,0.2998,0.4731,0.9463
31,1,1,1,5.00,5.00,5.00,5449,0,0.2998,0.4731,0.9463
32,1,1,2,5.00,5.00,10.00,1684,4,0.2998,0.3730,0.7460
33,1,1,3,5.00,5.00,15.00,5449,0,0.2998,0.4731,0.9463
34,1,1,4,5.00,5.00,20.00,5449,0,0.2998,0.4731,0.9463
35,1,2,0,5.00,10.00,0.00,100665,0,0.2998,0.4523,0.9048
36,1,2,1,5.00,10.00,5.00,100652,2,0.2998,0.4206,0.8411
37,1,2,2,5.00,10.00,10.00,1499,1,0.2833,0.3258,0.6515
38,1,2,3,5.00,10.00,15.00,100652,2,0.2998,0.4206,0.8411
39,1,2,4,5.00,10.00,20.00,100665,0,0.2998,0.4523,0.9048
40,1,3,0,5.00,15.00,0.00,5449,0,0.2998,0.4731,0.9463
41,1,3,1,5.00,15.00,5.00,5449,0,0.2998,0.4731,0.9463
42,1,3,2,5.00,15.00,10.00,1684,4,0.2998,0.3730,0.7460
43,1,3,3,5.00,15.00,15.00,5449,0,0.2998,0.4731,0.9463
44,1,3,4,5.00,15.00,20.00,5449,0,0.2998,0.4731,0.9463
45,1,4,0,5.00,20.00,0.00,5449,0,0.2998,0.4731,0.9463
46,1,4,1,5.00,20.00,5.00,2684,1,0.2998,0.4731,0.9463
47,1,4,2,5.00,20.00,10.00,2684,1,0.2998,0.4731,0.9463
48,1,4,3,5.00,20.00,15.00,100665,1,0.2998,0.4523,0.9048
49,1,4,4,5.00,20.00,20.00,5449,0,0.2998,0.4731,0.9463
50,2,0,0,10.00,0.00,0.00,5449,0,0.2998,0.4731,0.9463
51,2,0,1,10.00,0.00,5.00,100665,1,0.2998,0.4523,0.9048
52,2,0,2,10.00,0.00,10.00,2684,1,0.2998,0.4731,0.9463
53,2,0,3,10.00,0.00,15.00,2684,1,0.2998,0.4731,0.9463
54,2,0,4,10.00,0.00,20.00,5449,0,0.2998,0.4731,0.9463
55,2,1,0,10.00,5.00,0.00,5449,0,0.2998,0.4731,0.9463
56,2,1,1,10.00,5.00,5.00,5449,0,0.2998,0.4731,0.9463
57,2,1,2,10.00,5.00,10.00,2678,4,0.2998,0.3947,0.7893
58,2,1,3,10.00,5.00,15.00,5449,0,0.2998,0.4731,0.9463
59,2,1,4,10.00,5.00,20.00,5449,0,0.2998,0.4731,0.9463
60,2,2,0,10.00,10.00,0.00,100665,0,0.2998,0.4523,0.9048
61,2,2,1,10.00,10.00,5.00,100666,2,0.2998,0.4206,0.8411
62,2,2,2,10.00,10.00,10.00,1499,0,0.2341,0.2962,0.5924
63,2,2,3,10.00,10.00,15.00,100666,2,0.2998,0.4206,0.8411
64,2,2,4,10.00,10.00,20.00,100665,0,0.2998,0.4523,0.9048
65,2,3,0,10.00,15.00,0.00,5449,0,0.2998,0.4731,0.9463
66,2,3,1,10.00,15.00,5.00,5449,0,0.2998,0.4731,0.9463
67,2,3,2,10.00,15.00,10.00,2678,4,0.2998,0.3947,0.7893
68,2,3,3,10.00,15.00,15.00,5449,0,0.2998,0.4731,0.9463
69,2,3,4,10.00,15.00,20.00,5449,0,0.2998,0.4731,0.9463
70,2,4,0,10.00,20.00,0.00,5449,0,0.2998,0.4731,0.9463
71,2,4,1,10.00,20.00,5.00,2684,1,0.2998,0.4731,0.9463
72,2,4,2,10.00,20.00,10.00,2684,1,0.2998,0.4731,0.9463
73,2,4,3,10.00,20.00,15.00,100665,1,0.2998,0.4523,0.9048
74,2,4,4,10.00,20.00,20.00,5449,0,0.2998,0.4731,0.9463
75,3,0,0,15.00,0.00,0.00,5449,0,0.2998,0.4731,0.9463
76,3,0,1,15.00,0.00,5.00,100665,1,0.2998,0.4523,0.9048
77,3,0,2,15.00,0.00,10.00,2684,1,0.2998,0.4731,0.9463
78,3,0,3,15.00,0.00,15.00,2684,1,0.2998,0.4731,0.9463
79,3,0,4,15.00,0.00,20.00,5449,0,0.2998,0.4731,0.9463
80,3,1,0,15.00,5.00,0.00,5449,0,0.2998,0.4731,0.9463
81,3,1,1,15.00,5.00,5.00,5449,0,0.2998,0.4731,0.9463
82,3,1,2,15.00,5.00,10.00,100350,1,0.2998,0.4206,0.8411
83,3,1,3,15.00,5.00,15.00,5449,0,0.2998,0.4731,0.9463
84,3,1,4,15.00,5.00,20.00,5449,0,0.2998,0.4731,0.9463
85,3,2,0,15.00,10.00,0.00,2684,0,0.2998,0.4731,0.9463
86,3,2,1,15.00,10.00,5.00,100666,2,0.2998,0.4206,0.8411
87,3,2,2,15.00,10.00,10.00,4776,4,0.2241,0.2653,0.5305
88,3,2,3,15.00,10.00,15.00,100666,2,0.2998,0.4206,0.8411
89,3,2,4,15.00,10.00,20.00,2684,0,0.2998,0.4731,0.9463
90,3,3,0,15.00,15.00,0.00,100665,0,0.2998,0.4523,0.9048
91,3,3,1,15.00,15.00,5.00,5449,0,0.2998,0.4731,0.9463
92,3,3,2,15.00,15.00,10.00,100350,1,0.2998,0.4206,0.8411
93,3,3,3,15.00,15.00,15.00,5449,0,0.2998,0.4731,0.9463
94,3,3,4,15.00,15.00,20.00,5449,0,0.2998,0.4731,0.9463
95,3,4,0,15.00,20.00,0.00,5449,0,0.2998,0.4731,0.9463
96,3,4,1,15.00,20.00,5.00,2684,1,0.2998,0.4731,0.9463
97,3,4,2,15.00,20.00,10.00,2684,1,0.2998,0.4731,0.9463
98,3,4,3,15.00,20.00,15.00,100665,1,0.2998,0.4523,0.9048
99,3,4,4,15.00,20.00,20.00,5449,0,0.2998,0.4731,0.9463
100,4,0,0,20.00,0.00,0.00,5449,0,0.2998,0.4731,0.9463
101,4,0,1,20.00,0.00,5.00,100665,1,0.2998,0.4523,0.9048
102,4,0,2,20.00,0.00,10.00,2684,1,0.2998,0.4731,0.9463
103,4,0,3,20.00,0.00,15.00,2684,1,0.2998,0.4731,0.9463
104,4,0,4,20.00,0.00,20.00,5449,0,0.2998,0.4731,0.9463
105,4,1,0,20.00,5.00,0.00,100665,0,0.2998,0.4523,0.9048
106,4,1,1,20.00,5.00,5.00,5449,0,0.2998,0.4731,0.9463
107,4,1,2,20.00,5.00,10.00,5449,0,0.2985,0.4721,0.9442
108,4,1,3,20.00,5.00,15.00,5449,0,0.2998,0.4731,0.9463
109,4,1,4,20.00,5.00,20.00,100665,0,0.2998,0.4523,0.9048
110,4,2,0,20.00,10.00,0.00,100665,0,0.2998,0.4523,0.9048
111,4,2,1,20.00,10.00,5.00,100666,2,0.2997,0.4205,0.8411
112,4,2,2,20.00,10.00,10.00,2635,0,0.2313,0.3277,0.6553
113,4,2,3,20.00,10.00,15.00,100666,2,0.2997,0.4205,0.8411
114,4,2,4,20.00,10.00,20.00,100665,0,0.2998,0.4523,0.9048
115,4,3,0,20.00,15.00,0.00,100665,0,0.2998,0.4523,0.9048
116,4,3,1,20.00,15.00,5.00,5449,0,0.2998,0.4731,0.9463
117,4,3,2,20.00,15.00,10.00,5449,0,0.2959,0.4701,0.9401
118,4,3,3,20.00,15.00,15.00,5449,0,0.2998,0.4731,0.9463
119,4,3,4,20.00,15.00,20.00,100665,0,0.2998,0.4523,0.9048
120,4,4,0,20.00,20.00,0.00,5449,0,0.2998,0.4731,0.9463
121,4,4,1,20.00,20.00,5.00,2684,1,0.2998,0.4731,0.9463
122,4,4,2,20.00,20.00,10.00,2684,1,0.2998,0.4731,0.9463
123,4,4,3,20.00,20.00,15.00,100665,1,0.2998,0.4523,0.9048
124,4,4,4,20.00,20.00,20.00,5449,0,0.2998,0.4731,0.9463
125,5,0,0,25.00,0.00,0.00,100665,0,0.2998,0.4523,0.9048
126,5,0,1,25.00,0.00,5.00,2684,1,0.2998,0.4731,0.9463
127,5,0,2,25.00,0.00,10.00,383,4,0.2998,0.4371,0.8742
128,5,0,3,25.00,0.00,15.00,2684,1,0.2998,0.4731,0.9463
129,5,0,4,25.00,0.00,20.00,100665,1,0.2998,0.4523,0.9048
130,5,1,0,25.00,5.00,0.00,100666,0,0.2998,0.4206,0.8411
131,5,1,1,25.00,5.00,5.00,100342,1,0.2997,0.3947,0.7893
132,5,1,2,25.00,5.00,10.00,100350,0,0.2821,0.4080,0.8159
133,5,1,3,25.00,5.00,15.00,100614,0,0.2171,0.3579,0.7159
134,5,1,4,25.00,5.00,20.00,2684,0,0.2998,0.4731,0.9463
135,5,2,0,25.00,10.00,0.00,100665,2,0.2998,0.4523,0.9048
136,5,2,1,25.00,10.00,5.00,100666,2,0.2994,0.4204,0.8407
137,5,2,2,25.00,10.00,10.00,378,0,0.1789,0.3154,0.6308
138,5,2,3,25.00,10.00,15.00,100666,2,0.2994,0.4204,0.8407
139,5,2,4,25.00,10.00,20.00,100665,2,0.2998,0.4523,0.9048
140,5,3,0,25.00,15.00,0.00,2684,0,0.2998,0.4731,0.9463
141,5,3,1,25.00,15.00,5.00,100579,0,0.2184,0.3590,0.7180
142,5,3,2,25.00,15.00,10.00,100350,0,0.2822,0.4081,0.8162
143,5,3,3,25.00,15.00,15.00,100342,1,0.2996,0.3946,0.7892
144,5,3,4,25.00,15.00,20.00,2684,0,0.2998,0.4731,0.9463
145,5,4,0,25.00,20.00,0.00,100665,1,0.2998,0.4523,0.9048
146,5,4,1,25.00,20.00,5.00,2684,1,0.2998,0.4731,0.9463
147,5,4,2,25.00,20.00,10.00,383,4,0.2998,0.4371,0.8742
148,5,4,3,25.00,20.00,15.00,2684,1,0.2998,0.4731,0.9463
149,5,4,4,25.00,20.00,20.00,100665,0,0.2998,0.4523,0.9048
150,6,0,0,30.00,0.00,0.00,2684,1,0.2998,0.4731,0.9463
151,6,0,1,30.00,0.00,5.00,2684,1,0.2998,0.4731,0.9463
152,6,0,2,30.00,0.00,10.00,2684,1,0.2998,0.4731,0.9463
153,6,0,3,30.00,0.00,15.00,2684,1,0.2998,0.4731,0.9463
154,6,0,4,30.00,0.00,20.00,100665,1,0.2998,0.4523,0.9048
155,6,1,0,30.00,5.00,0.00,2684,0,0.2998,0.4731,0.9463
156,6,1,1,30.00,5.00,5.00,100342,0,0.2190,0.3373,0.6747
157,6,1,2,30.00,5.00,10.00,380,0,0.1870,0.3599,0.7199
158,6,1,3,30.00,5.00,15.00,100614,1,0.2062,0.3488,0.6977
159,6,1,4,30.00,5.00,20.00,100665,0,0.2998,0.4523,0.9048
160,6,2,0,30.00,10.00,0.00,2684,0,0.2998,0.4731,0.9463
161,6,2,1,30.00,10.00,5.00,1607,0,0.1270,0.2657,0.5314
162,6,2,2,30.00,10.00,10.00,1605,1,0.2298,0.3266,0.6533
163,6,2,3,30.00,10.00,15.00,7,2,0.1324,0.2500,0.5000
164,6,2,4,30.00,10.00,20.00,2684,0,0.2998,0.4731,0.9463
165,6,3,0,30.00,15.00,0.00,2684,0,0.2998,0.4731,0.9463
166,6,3,1,30.00,15.00,5.00,100342,1,0.2062,0.3273,0.6547
167,6,3,2,30.00,15.00,10.00,380,0,0.1854,0.3584,0.7168
168,6,3,3,30.00,15.00,15.00,100342,0,0.2232,0.3406,0.6811
169,6,3,4,30.00,15.00,20.00,2684,0,0.2998,0.4731,0.9463
170,6,4,0,30.00,20.00,0.00,100665,0,0.2998,0.4523,0.9048
171,6,4,1,30.00,20.00,5.00,2684,1,0.2998,0.4731,0.9463
172,6,4,2,30.00,20.00,10.00,2684,1,0.2998,0.4731,0.9463
173,6,4,3,30.00,20.00,15.00,2684,1,0.2998,0.4731,0.9463
174,6,4,4,30.00,20.00,20.00,2684,1,0.2998,0.4731,0.9463
175,7,0,0,35.00,0.00,0.00,543,4,0.2998,0.5520,1.1040
176,7,0,1,35.00,0.00,5.00,100665,1,0.2998,0.4523,0.9048
177,7,0,2,35.00,0.00,10.00,100646,4,0.2956,0.4492,0.8984
178,7,0,3,35.00,0.00,15.00,100665,1,0.2998,0.4523,0.9048
179,7,0,4,35.00,0.00,20.00,100689,2,0.2998,0.4206,0.8411
180,7,1,0,35.00,5.00,0.00,100614,0,0.2998,0.4206,0.8411
181,7,1,1,35.00,5.00,5.00,100394,1,0.1221,0.2519,0.5038
182,7,1,2,35.00,5.00,10.00,1607,0,0.1910,0.3258,0.6516
183,7,1,3,35.00,5.00,15.00,100394,1,0.1277,0.2576,0.5152
184,7,1,4,35.00,5.00,20.00,100614,0,0.2998,0.4206,0.8411
185,7,2,0,35.00,10.00,0.00,100665,0,0.2998,0.4523,0.9048
186,7,2,1,35.00,10.00,5.00,5449,0,0.0841,0.2506,0.5012
187,7,2,2,35.00,10.00,10.00,117,0,0.0918,0.2905,0.5809
188,7,2,3,35.00,10.00,15.00,5449,0,0.0837,0.2500,0.5000
189,7,2,4,35.00,10.00,20.00,2684,0,0.2998,0.4731,0.9463
190,7,3,0,35.00,15.00,0.00,100614,0,0.2998,0.4206,0.8411
191,7,3,1,35.00,15.00,5.00,100685,4,0.1397,0.2872,0.5743
192,7,3,2,35.00,15.00,10.00,1607,1,0.1809,0.3171,0.6342
193,7,3,3,35.00,15.00,15.00,100394,1,0.1203,0.2500,0.5000
194,7,3,4,35.00,15.00,20.00,100614,0,0.2998,0.4206,0.8411
195,7,4,0,35.00,20.00,0.00,100689,4,0.2998,0.4206,0.8411
196,7,4,1,35.00,20.00,5.00,100665,1,0.2998,0.4523,0.9048
197,7,4,2,35.00,20.00,10.00,100646,4,0.2873,0.4429,0.8857
198,7,4,3,35.00,20.00,15.00,100665,1,0.2998,0.4523,0.9048
199,7,4,4,35.00,20.00,20.00,100689,2,0.2998,0.4206,0.8411
200,8,0,0,40.00,0.00,0.00,100689,4,0.2998,0.4206,0.8411
201,8,0,1,40.00,0.00,5.00,100665,4,0.2424,0.4068,0.8136
202,8,0,2,40.00,0.00,10.00,2822,1,0.2284,0.2925,0.5850
203,8,0,3,40.00,0.00,15.00,2684,1,0.2694,0.4485,0.8970
204,8,0,4,40.00,0.00,20.00,100689,4,0.2998,0.4206,0.8411
205,8,1,0,40.00,5.00,0.00,2684,0,0.2998,0.4731,0.9463
206,8,1,1,40.00,5.00,5.00,100614,1,0.1176,0.2634,0.5268
207,8,1,2,40.00,5.00,10.00,5449,0,0.0837,0.2500,0.5000
208,8,1,3,40.00,5.00,15.00,2678,4,0.1203,0.2500,0.5000
209,8,1,4,40.00,5.00,20.00,100614,0,0.2998,0.4206,0.8411
210,8,2,0,40.00,10.00,0.00,5449,0,0.2998,0.4731,0.9463
211,8,2,1,40.00,10.00,5.00,5449,0,0.0837,0.2500,0.5000
212,8,2,2,40.00,10.00,10.00,5449,0,0.0837,0.2500,0.5000
213,8,2,3,40.00,10.00,15.00,5449,0,0.0837,0.2500,0.5000
214,8,2,4,40.00,10.00,20.00,100614,0,0.2998,0.4206,0.8411
215,8,3,0,40.00,15.00,0.00,100579,0,0.2998,0.4206,0.8411
216,8,3,1,40.00,15.00,5.00,5449,0,0.0837,0.2500,0.5000
217,8,3,2,40.00,15.00,10.00,5449,0,0.0837,0.2500,0.5000
218,8,3,3,40.00,15.00,15.00,100614,1,0.1235,0.2699,0.5399
219,8,3,4,40.00,15.00,20.00,2684,0,0.2998,0.4731,0.9463
220,8,4,0,40.00,20.00,0.00,100689,4,0.2998,0.4206,0.8411
221,8,4,1,40.00,20.00,5.00,2684,1,0.2800,0.4572,0.9144
222,8,4,2,40.00,20.00,10.00,2822,1,0.2250,0.2903,0.5806
223,8,4,3,40.00,20.00,15.00,100650,4,0.2267,0.3933,0.7867
224,8,4,4,40.00,20.00,20.00,100689,4,0.2998,0.4206,0.8411
225,9,0,0,45.00,0.00,0.00,100689,4,0.2998,0.4206,0.8411
226,9,0,1,45.00,0.00,5.00,100666,4,0.2284,0.3671,0.7342
227,9,0,2,45.00,0.00,10.00,383,4,0.1180,0.2742,0.5484
228,9,0,3,45.00,0.00,15.00,2678,4,0.1856,0.3105,0.6211
229,9,0,4,45.00,0.00,20.00,100689,4,0.2998,0.4206,0.8411
230,9,1,0,45.00,5.00,0.00,100579,2,0.2998,0.4206,0.8411
231,9,1,1,45.00,5.00,5.00,5449,0,0.0837,0.2500,0.5000
232,9,1,2,45.00,5.00,10.00,5449,0,0.0837,0.2500,0.5000
233,9,1,3,45.00,5.00,15.00,5449,0,0.0837,0.2500,0.5000
234,9,1,4,45.00,5.00,20.00,100579,2,0.2998,0.4206,0.8411
235,9,2,0,45.00,10.00,0.00,100689,4,0.2997,0.4205,0.8411
236,9,2,1,45.00,10.00,5.00,5449,0,0.0837,0.2500,0.5000
237,9,2,2,45.00,10.00,10.00,5449,0,0.0837,0.2500,0.5000
238,9,2,3,45.00,10.00,15.00,5449,0,0.0837,0.2500,0.5000
239,9,2,4,45.00,10.00,20.00,100934,1,0.2997,0.4523,0.9046
240,9,3,0,45.00,15.00,0.00,100579,2,0.2998,0.4206,0.8411
241,9,3,1,45.00,15.00,5.00,5449,0,0.0837,0.2500,0.5000
242,9,3,2,45.00,15.00,10.00,5449,0,0.0837,0.2500,0.5000
243,9,3,3,45.00,15.00,15.00,5449,0,0.0837,0.2500,0.5000
244,9,3,4,45.00,15.00,20.00,100579,2,0.2997,0.4205,0.8411
245,9,4,0,45.00,20.00,0.00,100689,4,0.2998,0.4206,0.8411
246,9,4,1,45.00,20.00,5.00,2678,4,0.1915,0.3155,0.6310
247,9,4,2,45.00,20.00,10.00,383,4,0.1173,0.2735,0.5469
248,9,4,3,45.00,20.00,15.00,100666,4,0.2180,0.3587,0.7174
249,9,4,4,45.00,20.00,20.00,100689,4,0.2998,0.4206,0.8411
250,10,0,0,50.00,0.00,0.00,1919,0,0.2997,0.4731,0.9462
251,10,0,1,50.00,0.00,5.00,1684,4,0.1346,0.2500,0.5000
252,10,0,2,50.00,0.00,10.00,44,4,0.1133,0.3227,0.6454
253,10,0,3,50.00,0.00,15.00,1684,4,0.1346,0.2500,0.5000
254,10,0,4,50.00,0.00,20.00,100614,1,0.2998,0.4206,0.8411
255,10,1,0,50.00,5.00,0.00,1684,2,0.1346,0.2500,0.5000
256,10,1,1,50.00,5.00,5.00,5449,0,0.0837,0.2500,0.5000
257,10,1,2,50.00,5.00,10.00,5449,0,0.0837,0.2500,0.5000
258,10,1,3,50.00,5.00,15.00,5449,0,0.0837,0.2500,0.5000
259,10,1,4,50.00,5.00,20.00,1684,2,0.1346,0.2500,0.5000
260,10,2,0,50.00,10.00,0.00,100614,1,0.2998,0.4206,0.8411
261,10,2,1,50.00,10.00,5.00,5449,0,0.0837,0.2500,0.5000
262,10,2,2,50.00,10.00,10.00,5449,0,0.0837,0.2500,0.5000
263,10,2,3,50.00,10.00,15.00,5449,0,0.0837,0.2500,0.5000
264,10,2,4,50.00,10.00,20.00,5874,2,0.2998,0.4523,0.9048
265,10,3,0,50.00,15.00,0.00,1684,2,0.1346,0.2500,0.5000
266,10,3,1,50.00,15.00,5.00,5449,0,0.0837,0.2500,0.5000
267,10,3,2,50.00,15.00,10.00,5449,0,0.0837,0.2500,0.5000
268,10,3,3,50.00,15.00,15.00,5449,0,0.0837,0.2500,0.5000
269,10,3,4,50.00,15.00,20.00,1684,2,0.1346,0.2500,0.5000
270,10,4,0,50.00,20.00,0.00,100614,1,0.2998,0.4206,0.8411
271,10,4,1,50.00,20.00,5.00,1684,4,0.1346,0.2500,0.5000
272,10,4,2,50.00,20.00,10.00,44,4,0.1119,0.3207,0.6415
273,10,4,3,50.00,20.00,15.00,1684,4,0.1346,0.2500,0.5000
274,10,4,4,50.00,20.00,20.00,1919,1,0.2996,0.4730,0.9460
275,11,0,0,55.00,0.00,0.00,1759,4,0.1817,0.3522,0.7043
276,11,0,1,55.00,0.00,5.00,1684,4,0.1346,0.2500,0.5000
277,11,0,2,55.00,0.00,10.00,83,1,0.0758,0.2500,0.5000
278,11,0,3,55.00,0.00,15.00,1684,4,0.1346,0.2500,0.5000
279,11,0,4,55.00,0.00,20.00,1759,4,0.1862,0.3565,0.7131
280,11,1,0,55.00,5.00,0.00,1684,2,0.1346,0.2500,0.5000
281,11,1,1,55.00,5.00,5.00,5449,0,0.0837,0.2500,0.5000
282,11,1,2,55.00,5.00,10.00,44,4,0.0680,0.2500,0.5000
283,11,1,3,55.00,5.00,15.00,5449,0,0.0837,0.2500,0.5000
284,11,1,4,55.00,5.00,20.00,1684,2,0.1346,0.2500,0.5000
285,11,2,0,55.00,10.00,0.00,5449,0,0.2637,0.4437,0.8875
286,11,2,1,55.00,10.00,5.00,5449,0,0.0837,0.2500,0.5000
287,11,2,2,55.00,10.00,10.00,5449,0,0.0837,0.2500,0.5000
288,11,2,3,55.00,10.00,15.00,5449,0,0.0837,0.2500,0.5000
289,11,2,4,55.00,10.00,20.00,5449,0,0.2624,0.4426,0.8852
290,11,3,0,55.00,15.00,0.00,1684,2,0.1346,0.2500,0.5000
291,11,3,1,55.00,15.00,5.00,5449,0,0.0837,0.2500,0.5000
292,11,3,2,55.00,15.00,10.00,44,4,0.0680,0.2500,0.5000
293,11,3,3,55.00,15.00,15.00,5449,0,0.0837,0.2500,0.5000
294,11,3,4,55.00,15.00,20.00,1684,2,0.1346,0.2500,0.5000
295,11,4,0,55.00,20.00,0.00,1759,4,0.1811,0.3516,0.7033
296,11,4,1,55.00,20.00,5.00,1684,4,0.1346,0.2500,0.5000
297,11,4,2,55.00,20.00,10.00,83,1,0.0758,0.2500,0.5000
298,11,4,3,55.00,20.00,15.00,1684,4,0.1346,0.2500,0.5000
299,11,4,4,55.00,20.00,20.00,1759,4,0.1827,0.3532,0.7064
300,12,0,0,60.00,0.00,0.00,1328,2,0.1129,0.2636,0.5273
301,12,0,1,60.00,0.00,5.00,414,4,0.0981,0.2500,0.5000
302,12,0,2,60.00,0.00,10.00,83,1,0.0758,0.2500,0.5000
303,12,0,3,60.00,0.00,15.00,414,4,0.0981,0.2500,0.5000
304,12,0,4,60.00,0.00,20.00,1328,2,0.1163,0.2675,0.5351
305,12,1,0,60.00,5.00,0.00,414,2,0.0981,0.2500,0.5000
306,12,1,1,60.00,5.00,5.00,5449,0,0.0837,0.2500,0.5000
307,12,1,2,60.00,5.00,10.00,5449,0,0.0837,0.2500,0.5000
308,12,1,3,60.00,5.00,15.00,5449,0,0.0837,0.2500,0.5000
309,12,1,4,60.00,5.00,20.00,414,2,0.0981,0.2500,0.5000
310,12,2,0,60.00,10.00,0.00,5449,0,0.1466,0.3308,0.6617
311,12,2,1,60.00,10.00,5.00,5449,0,0.0837,0.2500,0.5000
312,12,2,2,60.00,10.00,10.00,5449,0,0.0837,0.2500,0.5000
313,12,2,3,60.00,10.00,15.00,5449,0,0.0837,0.2500,0.5000
314,12,2,4,60.00,10.00,20.00,5449,0,0.1490,0.3336,0.6671
315,12,3,0,60.00,15.00,0.00,414,2,0.0981,0.2500,0.5000
316,12,3,1,60.00,15.00,5.00,5449,0,0.0837,0.2500,0.5000
317,12,3,2,60.00,15.00,10.00,5449,0,0.0837,0.2500,0.5000
318,12,3,3,60.00,15.00,15.00,5449,0,0.0837,0.2500,0.5000
319,12,3,4,60.00,15.00,20.00,414,2,0.0981,0.2500,0.5000
320,12,4,0,60.00,20.00,0.00,1328,4,0.1125,0.2632,0.5263
321,12,4,1,60.00,20.00,5.00,414,4,0.0981,0.2500,0.5000
322,12,4,2,60.00,20.00,10.00,83,1,0.0758,0.2500,0.5000
323,12,4,3,60.00,20.00,15.00,414,4,0.0981,0.2500,0.5000
324,12,4,4,60.00,20.00,20.00,1328,2,0.1141,0.2651,0.5301
325,13,0,0,65.00,0.00,0.00,5449,0,0.0837,0.2500,0.5000
326,13,0,1,65.00,0.00,5.00,100579,4,0.1059,0.2500,0.5000
327,13,0,2,65.00,0.00,10.00,83,1,0.0758,0.2500,0.5000
328,13,0,3,65.00,0.00,15.00,100579,4,0.1059,0.2500,0.5000
329,13,0,4,65.00,0.00,20.00,5449,0,0.0837,0.2500,0.5000
330,13,1,0,65.00,5.00,0.00,100579,2,0.1059,0.2500,0.5000
331,13,1,1,65.00,5.00,5.00,5449,0,0.0837,0.2500,0.5000
332,13,1,2,65.00,5.00,10.00,5449,0,0.0837,0.2500,0.5000
333,13,1,3,65.00,5.00,15.00,5449,0,0.0837,0.2500,0.5000
334,13,1,4,65.00,5.00,20.00,100579,2,0.1059,0.2500,0.5000
335,13,2,0,65.00,10.00,0.00,5449,0,0.0837,0.2500,0.5000
336,13,2,1,65.00,10.00,5.00,552,4,0.0758,0.2500,0.5000
337,13,2,2,65.00,10.00,10.00,44,4,0.0680,0.2500,0.5000
338,13,2,3,65.00,10.00,15.00,552,4,0.0758,0.2500,0.5000
339,13,2,4,65.00,10.00,20.00,5449,0,0.0837,0.2500,0.5000
340,13,3,0,65.00,15.00,0.00,100579,2,0.1059,0.2500,0.5000
341,13,3,1,65.00,15.00,5.00,5449,0,0.0837,0.2500,0.5000
342,13,3,2,65.00,15.00,10.00,5449,0,0.0837,0.2500,0.5000
343,13,3,3,65.00,15.00,15.00,5449,0,0.0837,0.2500,0.5000
344,13,3,4,65.00,15.00,20.00,100579,2,0.1059,0.2500,0.5000
345,13,4,0,65.00,20.00,0.00,5449,0,0.0837,0.2500,0.5000
346,13,4,1,65.00,20.00,5.00,100579,4,0.1059,0.2500,0.5000
347,13,4,2,65.00,20.00,10.00,83,1,0.0758,0.2500,0.5000
348,13,4,3,65.00,20.00,15.00,100579,4,0.1059,0.2500,0.5000
349,13,4,4,65.00,20.00,20.00,5449,0,0.0837,0.2500,0.5000
350,14,0,0,70.00,0.00,0.00,1607,0,0.1124,0.2500,0.5000
351,14,0,1,70.00,0.00,5.00,5,1,0.1002,0.2500,0.5000
352,14,0,2,70.00,0.00,10.00,2,1,0.0680,0.2500,0.5000
353,14,0,3,70.00,0.00,15.00,5,1,0.1002,0.2500,0.5000
354,14,0,4,70.00,0.00,20.00,1607,1,0.1124,0.2500,0.5000
355,14,1,0,70.00,5.00,0.00,100579,1,0.1059,0.2500,0.5000
356,14,1,1,70.00,5.00,5.00,1354,5,0.0615,0.2500,0.5000
357,14,1,2,70.00,5.00,10.00,44,4,0.0680,0.2500,0.5000
358,14,1,3,70.00,5.00,15.00,1354,5,0.0615,0.2500,0.5000
359,14,1,4,70.00,5.00,20.00,100579,1,0.1059,0.2500,0.5000
360,14,2,0,70.00,10.00,0.00,5449,0,0.0837,0.2500,0.5000
361,14,2,1,70.00,10.00,5.00,44,1,0.0680,0.2500,0.5000
362,14,2,2,70.00,10.00,10.00,44,4,0.0680,0.2500,0.5000
363,14,2,3,70.00,10.00,15.00,44,1,0.0680,0.2500,0.5000
364,14,2,4,70.00,10.00,20.00,5449,0,0.0837,0.2500,0.5000
365,14,3,0,70.00,15.00,0.00,100579,1,0.1059,0.2500,0.5000
366,14,3,1,70.00,15.00,5.00,1354,5,0.0615,0.2500,0.5000
367,14,3,2,70.00,15.00,10.00,44,4,0.0680,0.2500,0.5000
368,14,3,3,70.00,15.00,15.00,1354,5,0.0615,0.2500,0.5000
369,14,3,4,70.00,15.00,20.00,100579,1,0.1059,0.2500,0.5000
370,14,4,0,70.00,20.00,0.00,1607,1,0.1124,0.2500,0.5000
371,14,4,1,70.00,20.00,5.00,5,1,0.1002,0.2500,0.5000
372,14,4,2,70.00,20.00,10.00,2,1,0.0680,0.2500,0.5000
373,14,4,3,70.00,20.00,15.00,5,1,0.1002,0.2500,0.5000
374,14,4,4,70.00,20.00,20.00,1607,0,0.1124,0.2500,0.5000
375,15,0,0,75.00,0.00,0.00,2684,4,0.0837,0.2500,0.5000
376,15,0,1,75.00,0.00,5.00,2684,4,0.0837,0.2500,0.5000
377,15,0,2,75.00,0.00,10.00,2,1,0.0680,0.2500,0.5000
378,15,0,3,75.00,0.00,15.00,2684,4,0.0837,0.2500,0.5000
379,15,0,4,75.00,0.00,20.00,2684,4,0.0837,0.2500,0.5000
380,15,1,0,75.00,5.00,0.00,22,1,0.0680,0.2500,0.5000
381,15,1,1,75.00,5.00,5.00,44,4,0.0680,0.2500,0.5000
382,15,1,2,75.00,5.00,10.00,5449,0,0.0837,0.2500,0.5000
383,15,1,3,75.00,5.00,15.00,44,1,0.0680,0.2500,0.5000
384,15,1,4,75.00,5.00,20.00,22,1,0.0680,0.2500,0.5000
385,15,2,0,75.00,10.00,0.00,4084,0,0.0837,0.2500,0.5000
386,15,2,1,75.00,10.00,5.00,2684,5,0.0837,0.2500,0.5000
387,15,2,2,75.00,10.00,10.00,44,4,0.0680,0.2500,0.5000
388,15,2,3,75.00,10.00,15.00,2684,5,0.0837,0.2500,0.5000
389,15,2,4,75.00,10.00,20.00,4084,0,0.0837,0.2500,0.5000
390,15,3,0,75.00,15.00,0.00,22,1,0.0680,0.2500,0.5000
391,15,3,1,75.00,15.00,5.00,44,4,0.0680,0.2500,0.5000
392,15,3,2,75.00,15.00,10.00,5449,0,0.0837,0.2500,0.5000
393,15,3,3,75.00,15.00,15.00,44,1,0.0680,0.2500,0.5000
394,15,3,4,75.00,15.00,20.00,22,1,0.0680,0.2500,0.5000
395,15,4,0,75.00,20.00,0.00,2684,4,0.0837,0.2500,0.5000
396,15,4,1,75.00,20.00,5.00,2684,4,0.0837,0.2500,0.5000
397,15,4,2,75.00,20.00,10.00,2,1,0.0680,0.2500,0.5000
398,15,4,3,75.00,20.00,15.00,2684,4,0.0837,0.2500,0.5000
399,15,4,4,75.00,20.00,20.00,2684,4,0.0837,0.2500,0.5000
